Sr. No,Room Type,Floor,Room No,Student Name,Roll No,Course Type,Year,Email ID,Fees,Security Amt,Bank ID,Contact,Remarks,From,To,Sharing,Name,Roll No,Course,Year,Email ID
1,Married,movement,A-887,Carol Salas,568428,bad,7,zbrown@example.org,29726,21879,61970,+1-712-292-2788x55661,Culture blood small side. May nor father. Could by window career team wear bill.,1987-08-18,1984-02-29,Holly Murphy,481401,detail,6,fryechristopher@example.org
2,Married,drop,A-801,Stacey Jones,201553,town,6,staceyroberts@example.org,10281,93969,46372,457.358.9968,Increase cold technology market responsibility. Professor under dark discussion drive card trouble. Weight stock everybody song economic.,1987-12-27,1985-05-27,Timothy Holmes,453292,what,0,ffox@example.net
3,Married,national,A-464,Breanna Allen,3167,black,5,riveramichelle@example.com,39641,52693,57106,872.569.0574x7398,"Yes nothing sister wonder.
Read lawyer hotel country between president direction travel. Population see capital.
Several science edge because image body. Small factor case mean.",2017-10-17,2019-10-05,Debra Vaughn,832395,media,7,william63@example.org
4,Single,human,A-714,James Travis,490052,kid,6,uanderson@example.org,65310,34418,65793,+1-702-717-4396x522,Meeting what perhaps wife shoulder through even. Indeed tell activity environmental offer election choose.,1972-06-12,1992-08-09,Lauren Pace,903777,thing,3,jonesrichard@example.com
5,Double,mouth,A-967,Kimberly Hanson,636398,bag,9,myu@example.net,99898,499,31049,(360)930-9604x288,Baby everything safe leave have but how. Major main strategy town property expect stage market. Chance education hard cover loss how debate.,1986-06-09,1982-11-26,Dana Robertson,671693,view,3,lisajacobson@example.com
6,Married,can,A-868,William Fernandez,821974,life,6,jessica37@example.org,16182,48928,6702,7334129602,"Bring debate example buy step. Take without right chair end work. After its build.
Relationship thought life environmental. Watch next friend somebody.",2020-12-29,2015-07-13,Anne Woods,77125,among,8,tracy95@example.net
7,Double,oil,A-277,Frances Harper,386321,prepare,7,kingcatherine@example.com,17303,37756,8048,(817)387-0387x199,"Hotel miss top choose. Girl from again great remember truth after. Player at put.
Production support would argue project military blue. Bill choice beyond yet.",2018-02-25,2007-12-04,Christopher Graves,350536,visit,1,kelleytony@example.net
8,Double,probably,A-720,Felicia Mora,870211,leave,5,bensoncaroline@example.com,69829,12639,93413,001-869-248-9946x779,"Ground Mrs somebody. Nature star be quality not bring. Theory reach challenge position term generation friend between.
Nor century resource here safe case itself.",2014-08-31,1971-11-12,Ashley Hudson,871388,field,4,jeffersoncourtney@example.net
9,Single,term,A-546,Alexis Guerrero,766831,reach,4,cory23@example.org,72951,22049,73539,+1-914-567-2086x50636,Play ball week war. Scientist girl various fact most recent. Door himself agent son military adult middle. Himself like teach.,2010-05-17,1972-02-12,Joshua Weaver,56429,food,2,brucetara@example.net
10,Married,act,A-680,David Baker DDS,951239,approach,6,asantiago@example.net,50520,88779,21611,730.392.6705x737,"Animal mouth seem mother fund little. Picture goal exist opportunity seven model. Product answer cut for.
Range them more church marriage save. List their talk involve cause practice star.",2014-09-12,1988-07-22,Cynthia Martin,225236,oil,6,joseph01@example.net
11,Married,land,A-298,Mrs. Teresa Williams,469839,hair,0,gparks@example.org,15453,46642,27963,833.216.8283,Everybody future partner fire hold. Speech candidate else including cultural. Stuff yes education learn by team especially public.,1982-10-08,2018-03-31,Kevin Torres,194749,identify,3,james39@example.com
12,Double,center,A-839,Margaret Warren,191398,account,8,hermanbecky@example.com,4203,34890,41931,001-491-395-3171x53122,"Table not anything stay only much responsibility add.
Debate tough chair. Four half leave. Car plant if with standard.
Board process still husband natural. Line investment teach clear size dinner.",2006-11-10,2013-12-10,Leonard Dean,146656,who,5,erin30@example.com
13,Double,pressure,A-999,Michael Powell,228682,tonight,3,sschwartz@example.org,89098,18844,62756,367-468-8016x65040,"Party statement act begin surface amount. Art many within reveal. Whatever season life color. Sit whether ok interview.
Dog thank field medical.",2014-02-07,2020-06-19,Roger Hill,924561,not,2,chanharold@example.com
14,Double,effect,A-297,Kristen Gonzales,223767,learn,0,meghan41@example.com,66148,82405,49323,953-511-8504,"Outside short team third sort amount. Happy nothing system above. Common finish statement down happy listen nor.
Onto always accept other off. Down I guess. Thing middle top why.",1974-12-05,1977-05-16,Christopher Baker,748542,value,7,uestes@example.org
15,Double,admit,A-398,Aaron Perez DVM,19548,tonight,7,jesse27@example.org,72713,43263,21831,+1-506-365-1809x501,Important wife herself clear former administration structure. Attack all voice tell home black. Low see baby state. Describe eye design floor marriage win light.,1995-02-08,2008-03-01,Mary Burns,621397,middle,3,wporter@example.com
16,Double,unit,A-210,Melissa King,786360,language,5,andrewgonzalez@example.net,61051,90988,5698,(423)707-2576,"Power miss money outside. Year four possible foreign. Anything relate or pay.
Force because attorney. Sister boy show.",1987-06-05,2020-01-01,Lauren Davis,650879,around,1,james83@example.org
17,Double,everyone,A-921,Kenneth Winters,372572,item,4,johnsonheather@example.org,33948,88815,2694,001-250-784-3397x066,"Brother as interview prove summer war within. Claim away that amount. Song spend south image. Thank step former.
Kind risk pay beautiful medical. Happen customer way most television you executive.",2021-09-02,2001-02-15,Tina Morris,194503,think,6,devin07@example.org
18,Double,hot,A-943,Samantha Todd,325613,determine,6,vdavid@example.net,35431,76603,46820,313.548.7597,"Quality rule ago able bring unit.
Western such reach thought government rest policy week. Leader traditional stock above finally. Area into worry impact field visit four.",2017-10-05,2008-04-12,Jennifer Russell,356468,model,6,rowens@example.com
19,Single,study,A-410,Angel Crosby,884976,campaign,3,baileykatrina@example.net,82980,91050,42470,+1-332-429-3168x9526,Send factor red note beat eat. Choose analysis hold staff music. Religious lawyer food list ahead.,1985-10-22,2010-06-02,Jillian Owens,857766,national,7,daniel80@example.com
20,Single,federal,A-342,Katherine Pearson,962554,so,7,loribowers@example.net,10325,45794,47403,670-293-3210x24863,"Message matter than whom identify similar sign.
She when that country. Two few stage owner positive image option. Bed else take. Inside course herself mean.",1976-08-03,1997-03-01,Jenny Mejia,77232,ok,6,davenportjason@example.com
21,Double,personal,A-210,Steven Martin,87546,let,7,oevans@example.net,96803,71725,36664,+1-438-507-6758x27306,"Item develop break Mrs cultural. Although nearly miss apply.
Author carry bag house policy strategy arm. Husband stuff good free make.",2019-09-07,1978-03-31,Sean Hendrix,134303,grow,8,vcortez@example.net
22,Married,the,A-843,Michelle Jones,8547,gas,2,uchavez@example.net,76065,95467,56667,832-370-9635x46756,"Food hand cup we. Physical technology account think protect. Parent eye rate attorney.
Side culture however. Couple information program.",1986-06-08,2020-05-07,Joseph Medina,765739,easy,1,elizabethalvarez@example.net
23,Double,fear,A-865,Brandon Blair,859626,religious,1,phughes@example.org,44668,77551,22294,933.840.5104x6088,"Institution six visit. Color see name PM seat.
Matter interest shoulder simply hospital make. Result military use still away serve us.",2002-04-24,1993-11-08,Randall Escobar,778630,prove,9,qwolfe@example.net
24,Single,move,A-918,Patricia Griffith,631120,within,4,patriciadrake@example.org,57433,34806,26276,+1-628-876-8180x976,"Shake environmental hit any increase direction. Represent trouble human think. Want team peace force instead step individual.
Learn sister ago enter song measure behind.",2019-08-20,1973-07-20,Matthew Moore,580261,security,5,heather65@example.net
25,Single,break,A-637,Amber Hickman,620764,camera,2,callahanjeffrey@example.net,38348,61905,87886,001-542-217-9091x77942,Accept generation trip nearly cultural leader. Safe real think expect.,1987-08-16,1997-09-11,Carl Reynolds,52972,television,2,alejandraarellano@example.org
26,Single,resource,A-579,Scott Johnson,136411,nor,0,lynnbrittany@example.com,44659,55993,78808,7689363939,"Seem far serious free space debate. How hand point box remember worry fall. Country pay entire receive.
Open expert firm serve tell. Peace fill seem send explain two.",2006-07-16,2005-04-18,Nancy Baldwin,185380,example,7,jenniferpeterson@example.com
27,Double,create,A-413,Michelle Taylor,861508,expert,7,reevesrobert@example.com,81447,29458,3867,427.382.4769,"Similar man party.
Difficult indeed oil participant no grow citizen. Theory thing the far.
Mention day gun mean from religious. Ever town health beat single kind leave.",2004-09-24,2004-08-27,Ryan Stewart,93344,social,3,sarah69@example.com
28,Double,book,A-66,Michael Edwards,902001,whole,8,craig91@example.com,51851,66943,68375,229.370.4824,Worker call summer sense money the local. Return believe American material could. Market keep write today meeting. South last indeed.,1998-01-16,2017-06-06,Adriana Schwartz,461821,avoid,3,logan40@example.net
29,Married,do,A-859,Richard Watson,66497,degree,3,evansingh@example.org,15443,20467,72769,+1-428-555-6343x147,"Series total behind left week energy a through. Stay race thank concern loss loss.
Add no head assume. True hospital market.",1970-06-25,2015-10-23,Anna Higgins,310249,rich,5,kelsey42@example.net
30,Single,know,A-181,Edwin Kemp,320231,source,7,kristengraves@example.com,24245,16125,26728,(625)692-3853,"Happy lawyer meet adult nearly employee so. Across always green. Money major individual food traditional door article.
Never movie sort open.",1971-05-03,1994-09-21,Jennifer Johnson,909712,success,0,icurtis@example.org
31,Single,born,A-183,Teresa Davies,253735,voice,7,awatson@example.net,92064,33240,8591,(466)579-6670,"International partner possible figure. Add policy need true side financial we find. Itself that everything unit. Ground significant box decision forget strategy order.
Citizen apply become simple.",1979-09-12,1977-07-14,Debra Manning,629555,process,7,jessicafritz@example.net
32,Married,to,A-206,Kelly Wise,39945,adult,5,byrdryan@example.net,4378,2433,58347,(839)852-7050x3330,"Speech avoid suffer. Off realize trouble seven.
Top begin prove trade similar kid paper. Yeah art quite almost.",1990-07-01,1981-12-01,Stephen Davis,459728,least,4,xpalmer@example.net
33,Double,action,A-461,Raven Cooley,939492,wonder,7,yujacob@example.net,90763,60955,30245,+1-796-232-7791x05457,"Society each control. Or trade of language reduce possible marriage.
Great live box tax bar word church. Near hotel suffer she small. Soon suffer all week gun suddenly interview man.",1981-01-17,1987-01-07,Mr. Patrick Hurley,138668,here,3,ellisfrank@example.org
34,Married,far,A-639,Emily Hammond,40810,debate,5,hollybowers@example.org,78911,2370,86485,(618)462-3715x5285,"Left bad nearly.
Little whether small box. City myself run. Itself the century test place tough.
Traditional perhaps difference quite part significant. Set poor technology culture past than such.",1971-09-05,2011-06-25,Andrea Cox,446744,under,5,wongmichael@example.org
35,Married,something,A-484,Darlene Brooks,30005,air,2,anthonycampbell@example.org,65462,38981,16284,+1-533-877-1999,"Card resource bill prepare different sister which service. Century wind most Mr onto son sit station.
Give allow oil pay. Capital money local catch.
Maintain energy set born charge.",2003-09-19,1982-04-10,Andre Martinez,119351,without,6,klivingston@example.net
36,Single,together,A-536,David Novak,591161,law,9,elizabethmercado@example.net,53499,76742,88276,(558)224-7134,"Able writer discuss real campaign decide cup financial. Board pay scientist represent spend. Fish her fall issue thought.
Mention nice skill. Shoulder official argue on.",2023-09-06,2004-09-13,Briana Burns,669346,imagine,4,jennifergarcia@example.org
37,Double,defense,A-39,Nancy Parker,758665,others,2,xturner@example.net,22096,70164,39781,3773883772,"Audience relate people scientist. Step want trade part quickly project.
Price service about agree box production show. Party set crime role see.",2019-11-05,1994-02-01,Adam Russell,336072,speak,0,cunninghamanna@example.org
38,Married,six,A-843,Hannah Cobb,334958,effort,3,vmartin@example.org,86203,91466,58430,335-772-6325x1294,"They ok anyone machine chance rich occur. Cost usually return article candidate.
Other operation push possible collection. Set war particularly full entire.",1980-01-20,2015-04-20,Laura Matthews,651663,within,8,xbennett@example.net
39,Double,push,A-654,Corey Nelson,224460,trip,6,amanda34@example.net,31259,189,71041,742.657.0191,"Million parent paper again. Do my happen information natural. Hotel soldier policy dark opportunity PM approach.
Fear miss senior consumer go. Which generation such toward scene life.",1988-06-12,1976-03-12,Kimberly Gibbs,14831,firm,0,skline@example.com
40,Married,somebody,A-367,John Burns,731769,good,5,amanda39@example.org,5513,74104,34103,756.599.0529,"Accept skin whose speech. Policy on eye particularly. Hand church rule certain.
Pressure show soon play once local. Training skin go drop magazine. Take admit traditional community employee.",2010-12-13,2012-01-09,Tabitha Rivera,602792,police,1,hbailey@example.com
41,Married,activity,A-433,Tracy Jones,22061,fight,4,maddengabriel@example.org,63715,12068,51843,001-752-659-3033x1746,"Wind weight many condition current election suddenly wait. Claim game model technology behind beat.
Car day usually anyone. Sea environmental safe see. Artist program dinner if draw wish.",1994-10-07,2015-06-19,Melissa Norman,839936,as,3,mevans@example.net
42,Married,within,A-234,Jordan Jones,61228,at,8,smithadrian@example.org,19217,83011,76427,(704)341-8517x127,"Item account with thought seat. Choose indeed statement approach accept almost. Particularly leave specific almost.
Share campaign I none. Nature note audience certain. Drug standard serious two.",1978-03-04,2011-08-16,Colton Murphy,711259,family,9,william31@example.com
43,Single,box,A-282,Stacy Boyd,25694,race,8,kathleen29@example.org,98438,41254,75485,+1-820-970-3931x44842,"Building much book growth possible door require.
Agree you staff contain prepare ok ok research. Catch remember skill better.",1979-05-24,1991-03-05,Alexander Bowman,842656,reach,3,barbara63@example.com
44,Married,fact,A-19,Barbara Buchanan,491084,various,1,parkermatthew@example.net,27335,25552,26731,001-348-416-7490x39414,"Upon agreement product special whose story how.
Professional top small skill physical. Media professional remain wrong.",2009-11-27,2010-07-08,Natalie Friedman,615954,mention,4,frankmoyer@example.org
45,Single,hotel,A-527,Derrick Forbes,760743,financial,4,taylorandrew@example.org,90993,93245,47315,292-293-2087x926,Blood product able base Republican set product attack. Door dog accept kitchen especially street no.,2017-03-23,1996-11-22,Timothy George,173435,yourself,2,yarcher@example.net
46,Single,arrive,A-419,Regina Morales,647003,recently,1,bmcdonald@example.com,47447,7122,12361,+1-761-434-6399x3418,"Safe form artist miss standard story similar. Economic really sign current population catch student.
Role or not Mr listen. Specific various within six police.",1990-09-04,2002-06-05,David Montgomery,505108,recently,7,nicole11@example.org
47,Single,get,A-480,Deborah Mason,824208,their,6,sellis@example.org,49891,85348,45324,001-538-706-4709x516,Field win process drop. Magazine three look indeed every foot black. View figure system area. Pressure important simply push water beyond.,1990-04-15,2011-11-14,Mr. Jordan Wright,763516,case,5,lcline@example.net
48,Married,police,A-930,Nicole Garcia,117054,around,9,kwhite@example.net,13219,13098,17168,001-939-599-5059,"Now themselves plan wall day. Read identify there example analysis.
Unit style of statement learn. Response meeting set friend fall although goal. Response head so dog simply.",2015-01-08,1972-12-16,Bobby Franklin,187986,woman,6,stevensbrian@example.org
49,Single,brother,A-335,Whitney Fields,223974,our,5,codonnell@example.net,29827,24680,10309,(364)821-9804x271,"Street day good back more. Laugh compare behavior what begin not white thank.
Want necessary then enter energy. Huge lot environment.",1997-07-14,2017-05-06,Jeremy Velasquez,529162,event,8,melissapatterson@example.net
50,Married,four,A-589,Emily Gonzales,299298,himself,7,matthew30@example.net,99983,76711,91372,+1-403-286-0774x1843,Change compare visit. A property south painting region table letter. In particular democratic entire American trouble.,1970-05-06,1998-05-31,Adam Richards,262487,history,5,daviesseth@example.net
51,Double,authority,A-345,Kenneth Greer,827689,during,0,nchen@example.com,41041,46550,37455,501.406.9549x24097,"Pressure and yes. Reduce name director protect recognize tree able.
Purpose process fall know foreign possible enter couple. Big occur view able management. Sort while toward style.",1977-10-30,1991-03-05,Christine Smith,607304,dream,9,powellcurtis@example.net
52,Married,accept,A-34,Dylan Wiggins,773160,every,9,yzuniga@example.net,81761,7379,62579,(960)473-3320x5909,"Hospital speak industry political. Now state pass include.
Everyone decision tonight others majority kid. Music through public power care democratic soon.",1981-06-10,1983-06-09,Angela Hall,380483,not,7,grahamcatherine@example.org
53,Double,Republican,A-877,Sarah Hughes,760279,yes,2,beth59@example.com,16428,95613,99106,419-334-8671x6964,"Seven soldier notice.
Kind best drop debate return. Cell answer book employee.
Drive student boy person away.",1999-08-19,2017-01-19,Margaret Ellis,449088,bit,9,michaelburnett@example.org
54,Double,itself,A-70,Rachel Wong,769285,page,1,andersonbrandon@example.org,43973,68774,86245,(845)237-4485x0066,"Read new smile before according nothing grow. Leg city wide follow religious.
Reveal must result office personal people.",2022-11-04,2020-12-15,Jermaine Carson,574654,evidence,5,kaitlyn77@example.net
55,Married,generation,A-781,Alicia Robinson,402293,ready,7,lopezcheryl@example.org,83670,23445,61611,806-817-9907,Culture no figure when husband. Mrs short time per. Name politics owner PM show president.,1973-07-08,1977-06-09,Gary Butler,962270,pressure,9,janicefoley@example.com
56,Single,ability,A-91,Deborah Porter,693605,trouble,9,andrewramirez@example.com,93639,19297,22236,+1-738-225-5984x158,"Talk coach number without simply understand. Space also student eye bill my happen. Bill believe help act key minute thousand.
Help allow state.",2021-11-13,2018-04-29,Steven Kent,316095,catch,0,zbrooks@example.org
57,Single,fly,A-574,Amanda Santiago,601355,station,5,vfoster@example.net,1707,45828,49839,4952425864,"Body do if gun hot nation hit. Book positive billion effect try organization.
These news must change. Brother wind together share. Peace south return hundred behind affect into.",1972-01-30,1976-01-22,Erin Turner,957540,great,5,racheldiaz@example.net
58,Married,serious,A-109,Peter Allen,834701,field,4,robert20@example.com,47378,72741,1927,(545)278-6087x6842,"Although last high Republican in century. Industry none option husband.
Figure cover effort operation pull political. Structure response three nature expect help could.",2006-12-10,1982-12-27,Mario Mitchell,41230,production,6,timothy18@example.org
59,Single,decade,A-643,Lauren Long,555456,hair,8,hansonalejandro@example.org,92187,11424,70954,895-684-3755x94407,"Her market couple catch century catch moment.
Identify read meeting notice water. Such company rich mention lot. Hot police pull including own. Above mention protect dinner.",2006-11-25,1982-11-19,Lisa Becker,607101,world,7,wendy50@example.com
60,Married,point,A-658,Paul Boyd,822222,also,8,claire40@example.net,98123,64271,92676,940-432-3122x9701,"Sell already plan. Option fill ago local into travel prove.
Change away structure sister program my scientist. Let lose good protect series language. Second report effect both.",1996-09-07,2012-01-14,Alicia Rodriguez,456616,from,2,tylermaxwell@example.net
61,Single,continue,A-613,Edward Riddle,135306,good,9,thomaslopez@example.net,75036,80724,97275,(267)488-2079,"Much front purpose five stop choose. Wish report remain.
Leave child avoid training American. Defense rate other opportunity Democrat. Build color commercial.",2015-05-16,2016-10-14,Ms. Carrie Edwards DVM,522495,into,4,jenniferbrown@example.com
62,Single,parent,A-300,Larry Taylor,876117,upon,3,leonardtownsend@example.com,66581,4123,99039,(318)303-3050,Lot affect paper wife. Require population writer cover.,1991-12-06,1998-09-19,Catherine Davidson,550368,similar,9,morgan66@example.com
63,Single,bill,A-351,Ashley Huang,84968,need,8,michael50@example.org,49804,97998,70758,424-764-8495,Security could everything side. Approach series serious same can approach always. Guy project police cost order operation. Cover use as three street inside style.,1971-05-16,1995-07-19,Gregory Quinn,682162,power,6,swansonstacey@example.org
64,Single,week,A-317,Jason Wilson,134326,security,1,polson@example.org,75809,57190,77730,(522)733-5529,Candidate economic contain evidence. Safe majority this. Anything Democrat ability evening already management. Remain local remember fund idea lot artist.,1988-03-19,1992-02-25,Jill Garcia,758126,relate,9,kimberly59@example.com
65,Double,college,A-751,Jose Anderson,129948,imagine,4,trodriguez@example.com,23593,45656,10331,+1-676-707-8188x1381,"Here southern bar. Less marriage local set reason serve.
Process task apply. Tax gas unit could lay answer reflect. Finally need last dream north fund race.",2001-11-28,2001-08-24,Ralph Allen,858892,record,0,willieneal@example.org
66,Married,direction,A-778,Joshua Lewis,726777,decade,4,toneal@example.com,15599,36349,29452,951.986.6178x67066,"Level drive soldier to speech. Think common actually relate.
From especially out from you political ten. Film nearly teacher hot trouble hundred field three.",1997-06-28,1996-02-14,Rachel Kidd,150854,fast,7,ashley81@example.com
67,Double,must,A-751,Bryan Blackburn,363831,know,2,osbornscott@example.org,32086,31936,49699,+1-423-716-3565x54734,"Father which site pass body goal. Center again available meet. View address window crime record drive.
Company prevent him become. Public sport skin local.",1980-03-17,2018-04-15,Dominic Lewis,822024,participant,0,derrickwilson@example.org
68,Single,school,A-253,Aaron Maxwell,913526,budget,5,stewartantonio@example.com,95374,59085,80840,646-783-6070,Politics dinner certain this write focus we. Dinner industry board turn production responsibility. Nature example current language over for school commercial.,1999-03-29,1985-08-13,Gina Rodriguez,444219,baby,4,sabrina25@example.org
69,Single,effort,A-336,Michael Carter,460961,cell,1,chelseawilcox@example.net,10037,63869,96206,4846843130,"Cell if safe. Education cost quickly statement.
Go difficult pattern. Need difficult student same.
Usually will defense. Middle through little animal pressure none.",2005-07-19,1992-10-05,Kevin Gonzales,757022,maybe,8,rodriguezjohnny@example.org
70,Married,now,A-186,Kelsey Hamilton,716600,become,5,wesley05@example.net,59869,74624,63989,680.741.2992,"Likely consider order. Throw here large help affect treatment heavy born.
Time stay choose skin bill edge. Economic rock few away usually.
Act western network require.",1970-05-08,1981-08-03,Richard Craig,917622,tree,2,gibsonamy@example.com
71,Married,picture,A-110,Brenda Nelson,912762,draw,0,sparksashley@example.com,59035,22062,87869,(867)323-5835,"Enter program continue.
School day industry water.
Pull daughter among early office picture last appear. Minute sense if rate benefit. Present force meet cultural large always want growth.",1985-07-31,2005-06-07,Tyler Bird,57169,position,4,amber71@example.com
72,Married,if,A-649,Karla Gilmore,578208,likely,2,odonovan@example.net,87108,40497,81771,814-822-8663x48754,"Expert pay for me. Face opportunity exist expect stuff him operation. Student hair north door.
Station successful allow pick key assume. Help record movement.",1974-03-16,1987-03-11,Robert Kennedy,50097,represent,2,longtony@example.net
73,Single,change,A-590,Raven Davis,510686,model,9,johnsonmatthew@example.net,11234,65931,59331,611.476.9630,Happen character without. Whom town difficult son season process. Model list financial local may.,2011-10-29,2009-08-22,Andrew Foster,480199,themselves,9,jacobwoods@example.net
74,Single,purpose,A-588,Jessica Henson,848600,source,7,sandra38@example.com,94856,62640,95909,5882799079,Pull present impact term girl also network. Stuff eye teach heavy professional. Miss though small little woman surface. During cost order seek never.,2002-06-12,2010-10-16,Patricia Moore,399490,inside,7,davidhudson@example.net
75,Married,ok,A-737,Kelly Hansen,734253,travel,8,zmiller@example.com,13416,38803,15582,+1-628-366-5910x67363,"Represent picture if much mother lawyer its.
Remain respond detail make.
Public interest we less building ahead. Air way beyond education social edge.",1991-06-02,2002-11-11,Rodney Barry,381162,force,5,mitchelldavid@example.net
76,Double,defense,A-721,Dana Marquez,366062,public,7,jacksonderrick@example.com,63032,13461,34296,(771)496-8171x0692,"Suddenly style look lot collection within no. Benefit economic town become red onto.
Ask south political much difficult. Leader unit condition management front.",1995-10-03,1970-09-10,Lucas Cannon,801514,best,4,patriciasalazar@example.com
77,Single,letter,A-48,Allison Singleton,107228,tree,4,ashley23@example.com,35120,38845,82254,602.388.0828,"Day teacher cause share radio.
Including rest fill research door assume end. Institution writer practice.",1981-11-27,2011-04-18,Randy Taylor,295138,whether,4,eespinoza@example.net
78,Single,pick,A-466,Barry Young,363381,section,1,tylerrobinson@example.com,68208,60219,78181,(724)428-1404x49745,"Research medical according safe behind thing perform. Kitchen take start organization. Best condition sister break everybody.
Food kitchen Republican black. Listen well time energy.",1985-12-21,1974-05-20,Maxwell Oliver,610196,stay,1,jeremy08@example.net
79,Married,there,A-119,Zachary Underwood,61202,ever,9,philipsmith@example.org,91416,36662,22927,(672)531-9385x815,"Argue hold modern push commercial.
Save not big edge. Choice they great easy amount gas fly particular. Only either wall deal write mother purpose.",1975-01-20,1981-04-24,Rebecca Garcia,548213,leave,5,santanadanny@example.net
80,Single,ground,A-176,James Smith,782029,feel,2,alex86@example.com,66053,7122,19341,292-263-1440,"Evening new throughout exactly identify protect upon. Last cold resource eat protect talk enjoy. Heart star ago.
Activity tend loss beat. Whatever recognize simple laugh guess they.",1995-07-16,1988-12-06,Rachel Tucker,269532,when,0,alexandraharris@example.net
81,Married,lawyer,A-936,Jeffrey Kemp,786323,could,2,lawrencenicole@example.net,72298,80212,31545,277-688-6416,"Man beyond enjoy space art. Several she decision central find receive couple.
Hit model range view traditional. Increase sing into pressure. When side responsibility thing show full black.",2021-01-12,1989-02-26,Julie Ryan,800416,build,3,antonio80@example.org
82,Married,capital,A-476,Robin Sparks,766874,here,3,joshuadavis@example.com,64863,98885,7994,(292)906-9519x180,"Test game concern arm story.
Country candidate level. World memory here whether conference relate.
Large reality side major receive want. Morning democratic anything view raise again and.",1992-08-25,2019-04-11,Thomas Smith,293984,sing,9,savannahcampbell@example.org
83,Double,discover,A-885,Zachary Campbell,624115,want,5,shawn35@example.com,78635,84193,38248,596.421.4580x8829,"Computer science north. Major media of economic effect however story. Relate lot billion continue down ago.
Try either state room shake at. Program without seem. Hope according pretty fine.",1980-07-01,2023-07-16,Daniel Jackson,590299,young,4,jessicadelacruz@example.net
84,Married,budget,A-84,Marcus Johnston,18255,which,9,andrewmendez@example.com,3213,56908,74899,715-514-3262x959,Into moment lay just. Both capital simple wide traditional two.,2018-12-21,2004-03-11,Judy Barrera,221395,story,8,tjohnson@example.com
85,Married,western,A-41,Douglas Phillips,230924,but,8,gtaylor@example.net,97431,51129,16670,001-859-305-1168,Wall democratic song contain help main. Animal see herself piece out. Movement manage to identify thousand health different evidence. Surface reality page support social state improve.,1983-03-20,1980-09-10,Kevin Ball,386289,such,9,glorialyons@example.com
86,Single,outside,A-333,Thomas Sims,325306,senior,0,wardstephanie@example.net,37760,25664,7561,6796168155,"Still with become catch which. Data he suffer nor. Doctor option practice money.
Close analysis house from shake current level. Season set who treatment trade.",2015-02-21,2000-04-15,Jill Thomas,16469,anyone,5,barmstrong@example.com
87,Double,about,A-937,Emily Robinson,463797,list,4,rroy@example.net,42734,50831,21628,862.506.9956x68769,"Mrs cause style sit less word feeling fine. Majority teach prove nice together single.
Paper yeah material age line art. Believe under such vote walk.",1981-10-01,1990-11-09,Miss Tiffany Estrada DDS,929297,apply,3,taylorlauren@example.org
88,Double,notice,A-26,Jason Ayers,705981,listen,0,luke89@example.com,75223,71265,83566,+1-368-744-3160,"Above TV itself memory. Speak prove out who design could.
Board become fear break executive.
Resource rule choose decide break.",2002-06-22,1983-12-08,Donald Russell,68516,including,7,suzannecrawford@example.net
89,Single,especially,A-235,Jennifer Peterson,361501,get,3,brittneypatel@example.org,98245,96911,38901,467.678.9475,Maybe maybe go beat positive. Food generation reason simple yeah under challenge. According financial sea ever. Next training use among.,1991-12-08,1979-07-24,Emily Lambert,925753,fund,0,gbrown@example.org
90,Married,center,A-725,David Rasmussen,864551,learn,7,kevinobrien@example.net,27919,28706,57374,463-483-9710x0434,"Consumer the system loss return maintain. Over notice type.
Special four beautiful Congress change already control. Beyond past tree help north sell still. Dark most American clear everything.",2009-11-12,2013-08-31,Lisa Casey,259901,it,2,zmassey@example.org
91,Double,wide,A-138,Michael Harris,102788,ready,2,xmyers@example.net,33706,32896,97560,204.963.7774,"Data effect bring defense as. Total type cover form draw take voice recognize.
Prepare woman stuff fly culture certainly might. Development bank put job evening.",2009-06-17,2014-07-13,Kelly Collins,591060,avoid,6,thomaskimberly@example.com
92,Single,give,A-67,Mr. James Ferguson,230661,since,2,emilyjohnson@example.org,46659,90264,14748,6599704335,"Identify question some morning wrong.
City card evidence manage describe benefit will. Member last eight already window impact. Hand law subject cost decide consumer born hot.",2009-12-20,1977-02-19,Charles Hogan,771856,become,6,natalie02@example.org
93,Married,property,A-849,Stephen Savage,938409,everyone,5,thomas48@example.org,91550,9131,23816,787-930-6924,Picture support effort well believe activity movement likely. Pick training early may edge.,1995-06-02,1979-02-09,Jillian Matthews,859551,morning,2,jessica62@example.org
94,Married,anyone,A-891,William Roberts,691709,admit,0,longjoseph@example.com,24200,40322,83653,(253)758-9039,"Call author education summer although determine heavy. Back argue and realize check if animal across.
Himself smile idea because. Organization firm point among process.",1974-07-04,1983-07-26,Tina Horne,911938,also,6,fernandezgerald@example.com
95,Double,enter,A-809,Karen Kim,417627,keep,5,christopher30@example.net,47998,81967,27341,(374)215-5865,Even once including. Town miss agreement perform. Return want stop agreement seat fear. Rest realize place bar whether.,2006-03-28,1974-11-07,Desiree Rivas,773447,star,5,derrickcooper@example.com
96,Double,small,A-376,Allison Thompson,79405,drive,3,itodd@example.net,87243,29461,24098,+1-672-514-0735x703,"Case responsibility message same need receive specific. Operation board six gun perform.
We very per pick behind. Want decade section. Special during only computer seven reality.",1973-07-15,1999-11-06,Clinton Dalton,380005,discuss,3,lramirez@example.net
97,Single,step,A-341,Mary Jackson,293641,save,2,carlywood@example.net,3016,18506,39582,297.648.4175x38441,Program consider once enough Democrat author or receive. Month follow these. Major contain knowledge what.,2001-07-09,1984-11-12,Jessica Mueller,590023,able,1,jrivera@example.org
98,Married,foreign,A-383,Karen Davis,857644,key,5,andersonmelissa@example.net,63660,82668,27604,618-582-8156,Vote it plant customer main natural. On expect rule card executive. Voice so nor recent candidate left couple.,2008-03-04,1984-02-09,Lauren Bell,921703,suddenly,7,christine57@example.org
99,Married,history,A-666,Michelle Glenn,4107,lot,0,lrodriguez@example.org,14438,81157,57368,(731)259-6677x994,"Start moment hear arrive thousand tonight despite. Season mean level early soon then second. Room truth them suggest.
Cost step drop. Traditional our out.",2014-10-21,1982-12-29,Marcia Edwards,723901,yourself,3,eduardo86@example.com
100,Single,political,A-71,Shannon Marks,651423,front,8,xjensen@example.org,27282,33027,10842,834.637.1961x74337,Sell job close specific factor. Project side of spring industry. Member account such clearly for open attention. Affect raise poor draw example process knowledge.,1979-03-04,2020-08-20,Dr. Robert Owens,611114,too,5,leslienorman@example.org
