Date,Name,Room,Delivery driver name,Driver Contact,Company,Quantity,Student Who Picks it,Above person number,Signature,Security Signature
2020-10-13,Peter Johnson,A-489,Keith Contreras,001-317-682-1038x259,Townsend-Holt,84,Sara Chavez,(784)822-4395,Amanda Long,Jeffrey Lopez
1988-05-24,Joseph Shaw,A-693,Nicole Mitchell,741.826.9163x025,Cruz-Williams,71,Kellie Thompson,(980)990-1987x4177,Martha Rodriguez,Brenda Campbell
1976-04-11,Dustin Hernandez,A-331,Isaac Sawyer,+1-667-224-8608x1010,"Johnson, Holmes and Adams",20,Sean Reed,687.713.9868,Michael Lloyd,Emily Garner
2000-09-04,Shannon Rivers,A-601,Sherri Newman,913-716-4930,"Murray, Hill and Mayer",1,Jennifer Kelly,961.613.6909x0585,Ann Anderson,Evelyn Preston
1986-05-18,Zachary Hanson,A-476,Cynthia Silva,716-329-0114,Hahn-Levy,73,Daniel Webb,(305)772-1126x034,Brian Galvan,Tiffany Martinez
2009-12-08,Brendan Hernandez,A-426,Laura Ryan,976-895-1483x494,Burns PLC,72,Casey Duffy,(526)640-9520x25462,Beth Rios,Elizabeth Morrison
1975-10-03,Laura Rodriguez,A-790,Anna Green,(225)428-7721x834,Williams-Andrade,45,Jennifer Burgess,(523)932-6426,Jerry George,Nicholas Watkins
1998-04-19,Robert Knight,A-543,Stephanie Jenkins,+1-844-737-7715x946,Solomon-Johnson,72,Andrew Garcia,(945)388-3676,Dr. Edward Robinson MD,Mariah Wallace
2018-08-29,Barbara Delacruz,A-147,Ronald Grimes,493-950-6146x57969,Kim and Sons,1,Christopher Miller,940.654.1738x2223,Brittany Perez,Erin Maddox
1979-09-25,Richard James,A-87,Aaron Gonzalez,(806)530-4274,Smith Group,66,Cheryl Mann,(859)806-0595,Jose Woods,Douglas Brown
1991-10-14,Charles Brown,A-381,Mr. James Mendoza DVM,480-366-8667,"Scott, Schultz and Moyer",83,Jeremy Simon,989-338-3378x2224,Jennifer Frazier,John Stewart
1976-02-01,Walter Kerr,A-472,Ronald Hood,(878)274-2009,"Hayes, Miller and Martin",40,Dr. Brian Harris II,+1-234-359-5295x3969,Nicholas Williams,Allison Snyder
2010-01-28,Karen Williams,A-274,Curtis Parker,287.670.5526x10161,Nunez Ltd,13,Tiffany Thornton,221.930.8466x76636,Jeremy Knight,Mary Sanchez
2003-01-20,Michael Knight,A-886,Chad Hudson,001-940-423-5192x410,"Bryan, Becker and Nash",97,Craig Keller,(284)691-0375,Victoria Woods,Alex Schmidt
1977-06-29,Elizabeth Hodges,A-180,Crystal Young,001-609-293-3798x517,Smith-Johnson,90,James Miller,740.904.5201x32627,Crystal Duran,Carol Henderson
2006-06-22,Cassandra Washington,A-91,Zachary Sparks,814-878-0080,Ross-Lin,3,Nicole Young,437.790.0145,Caroline Gonzales,Jennifer Callahan
1980-05-30,Anthony Boyd,A-533,Anita Long,839.965.1837,"Olson, Barton and Anderson",48,Valerie Lee,268-677-4965,David Holmes,Tracy Murray
1978-01-29,Joe Sanchez,A-834,Joseph Taylor,+1-275-421-9576x482,"Ellis, Ramirez and Garcia",23,Laura Porter,842.796.9606,Suzanne Lynch,Andrew Hoffman
2010-07-17,Jorge Adams,A-720,Francisco Robertson,+1-396-379-9553,Quinn PLC,45,Robert Hernandez,(428)550-0396x1687,Eric Brown,Kelsey Hess
2000-08-21,Frank Zimmerman,A-223,Tyrone Sims,001-426-430-4599x8940,"Harris, Pierce and Reyes",28,Kayla Dixon,(514)928-3597,Elizabeth Mcdonald,Jennifer Carter
2003-06-27,Pamela Hughes,A-542,Joseph Taylor,954-793-1713,"Fletcher, Sanders and Jacobson",47,Evan Fuentes,001-369-412-7172x75445,Carlos Smith,Adrian Mayer
2015-08-11,Maria Crane,A-820,Kayla Hunt,728-358-3562x522,Yang-Anderson,56,Timothy Silva,(807)575-6486x354,Brent Edwards,Erin Ortiz
1986-03-07,Amanda Fox,A-484,Justin Phillips,(740)529-3428,"Sanders, Terry and Salinas",63,Jacob Lamb,001-723-623-6174,Stacey Owens,Catherine Webb
1996-08-29,Tammy Patterson,A-457,Zachary Hill,9337819120,"Conley, Cameron and Smith",80,Rebecca Navarro,393.647.9829,Timothy Butler,Joseph Villarreal
2018-01-24,Kathryn Parks,A-309,Elizabeth Hanna,913-762-9826x192,"Mccoy, Peck and Harper",46,Douglas Fleming,730-965-3002x86721,Emily Carpenter,Steven Franklin
1979-11-11,Lori Glass,A-696,Jason Mercado,7239983447,"Delacruz, Miranda and Larson",18,Mrs. Chelsey Wright,(786)428-4926,John Campbell,Jordan Daniels
2003-10-09,Mrs. Lauren Webb DDS,A-477,Douglas Brewer,754-626-1585x335,Blake-Cobb,60,Steven Lamb,001-305-977-7376x73063,Bryan Carey,Gabrielle Richardson
1982-06-03,Kathryn Perkins,A-650,Christopher Robinson,7795844573,"Rose, Warren and Shaw",97,Deborah Wilson,(994)992-7538,Darren Rowe,John Fisher
1992-03-12,James Hamilton,A-979,Heidi Miller,307-292-4261,Hardy Ltd,38,Michelle Thompson,(652)596-7500x64244,Tracy Barrett,Samuel Ellison
2004-04-21,Amber Martinez,A-346,Larry Ferguson,(426)871-6786,"Smith, Molina and Henderson",34,Taylor Roman,554.258.9602,Edward Pope,Michael Silva
2023-02-08,Jesse Walker,A-432,Brittany Kennedy,001-739-332-8485x47507,Fletcher-Owens,26,Timothy Clarke,001-415-564-2232,Julia Mayer,Shelley Strickland
1989-04-24,Michelle Davenport,A-4,Kimberly Franco,001-534-929-3199x345,Jackson Inc,42,Daniel Parker,(990)581-8400,David James,Brian Wu
1992-12-05,Allison Larsen,A-30,Tina Horton,445-337-0029x2096,"Hernandez, Navarro and Mccarthy",30,Daniel Jones,+1-239-450-8092x30309,Paul Ali,Sara Cruz
2016-03-13,Jessica Watson,A-69,Tara Robinson,(541)392-6852x07457,Lawrence-Pennington,31,Mrs. Sheryl Powell,001-244-950-1756,Shannon Smith,Eric Escobar
1994-05-02,Jennifer Wilson,A-186,Mary Collins,752-898-0883x868,Kelley-Farmer,3,Kristine Li,001-254-595-3617x6714,Corey Jensen,William Harrison
2016-11-14,Donna Gonzalez,A-180,Jacob Bell,623.918.7109x4585,"Long, Phelps and Mccullough",9,Glenda Rodriguez,(309)336-0997x22976,Kevin Kennedy,Joseph Castro DDS
2007-12-25,Nicole Mcintyre,A-965,Bryce Monroe,001-924-972-1557x975,Brock-Charles,6,Adam Brown,(222)769-8805x536,Michael Kelly,Kyle Ryan
2001-02-21,Kimberly Fitzpatrick,A-674,Monique Gomez,+1-861-311-9484,Herrera-Duncan,26,Daniel Gallegos,001-892-535-8732x1392,Jay Lopez,Jacob Garcia
2008-01-21,Vanessa Craig,A-598,Cathy Herrera,744-255-4075x4867,"Macias, Fischer and Johnson",17,Jenna Davis,001-422-780-2342x84725,Kristin Bridges,Gary Cruz
2021-07-31,Christina Williamson,A-44,Marcus Cook,001-244-488-1372x199,"Ortiz, Murphy and Lawrence",28,Duane Johnson,728-617-4747x15313,Robert Williams,Gregory Preston
1970-02-19,Gavin Smith,A-259,Alexis Harrison,491.330.1870,"Gillespie, Crawford and Roman",21,Holly Wong,558.545.5364x909,Jesse Mayo,Chris Martin
2000-01-19,Gregory Walsh,A-917,Anthony English,(371)581-7516,Davidson Ltd,53,Joann Alexander,+1-792-803-9568,Amy Williams,Cameron Bailey
1990-09-16,Cathy Chung,A-247,Michelle Williams,397.520.5999x9096,Lane-Short,11,Jonathan Cervantes,677.806.5364x2237,John Stephenson,Suzanne Myers
2006-04-26,Briana Jacobs,A-723,Aaron Jones,+1-741-456-5679x8672,Simmons-Riddle,96,Laurie Christian,677.635.2492,Daniel Park,Kevin Smith
1986-08-26,Charles Brown,A-924,Jean Harris,4836369259,Martinez Ltd,96,Melissa Hernandez,+1-762-310-1923x050,Richard Richardson,Angela Solis
1987-01-28,Nicholas Smith,A-344,Matthew Ingram,463.847.2715,"Pierce, Swanson and Garcia",85,Gerald Martinez,420.470.0889,Richard Solomon,Ashley Key
1971-11-29,Lauren Tran,A-246,Peggy Wood,635-442-1643x2102,"Horne, Raymond and Ross",64,Ana Casey,6465846830,Brian Richardson,Rachel Baldwin
1997-06-15,Ryan Ryan,A-632,Sue Dean,528.448.8417x439,Shelton-Stevens,39,Jennifer Le,9072881165,Sarah Davis,Jonathan Hanson
1999-05-14,Karen Hansen,A-367,Bonnie Joseph,435-212-1832,Hatfield-Munoz,95,Daniel Jones,635.741.5228x30012,Roger Garcia,Bailey Ruiz
1997-08-05,Alicia Kennedy,A-947,Dawn Hall,3666405527,Chavez Ltd,5,James Beltran,267-920-4057,Amanda Kim,Jillian Brooks
1989-03-26,Andrea Jackson,A-261,John Carroll,(919)540-9252,Graves Inc,20,Joshua Crawford,(341)447-7661x7469,Ashley Baker,Cody Garcia
2010-01-19,Deborah Gomez,A-834,Adriana Owen,588.274.7912x0162,"Vaughan, Roberts and Martin",80,Stacey Bailey,422.284.9568x2741,Marcus Hill,Ernest Herrera
2003-05-27,Lisa Newton,A-87,Thomas Gordon,(556)769-9140x5643,Lee-Molina,90,Gary Gomez,(620)354-1841x7760,Richard Washington,Bradley Rodriguez
1999-10-04,Kimberly Rivera,A-114,Robert Snyder MD,475-548-1563x15610,Hall-Schneider,58,Allison Adams,905.584.0143,Vanessa Thomas,Melissa Leblanc
1993-12-21,Jacqueline Burke,A-279,Mr. James Kelly,398.502.9869x218,"Anderson, Fields and Sawyer",55,Jasmine Whitaker,+1-419-292-5940x861,Michael Lucas,Kathleen Colon
2002-03-21,Kimberly Garcia,A-452,Michelle Ruiz,+1-705-700-7211x22370,"Caldwell, Carter and Gomez",15,Kathleen Mcmillan,(786)383-0639x131,Jennifer Stewart,Hannah Carter
2002-01-26,Lori Nelson,A-811,Victoria King,001-612-335-3008x6805,Fisher-Dudley,39,Christy Lester,8342085356,Michael Mendez,Tanya Schneider
2003-07-12,Lindsey Olson,A-47,Marc Le,001-650-312-1472x36734,"Davis, Hodge and Rodriguez",10,Scott Hernandez,(453)809-8262x8746,Jeffrey Gregory,Kiara Vazquez
2005-03-21,Shawn Conner,A-539,Rebecca Cooley,+1-416-487-2277x146,Bailey PLC,45,Fred Lyons,2677471880,Jose Thompson,Benjamin Holmes
2003-02-28,Andrew Mccullough,A-912,Brittany Terrell,+1-699-672-1709x37320,Lucas-Murray,53,Karla Huff,7664233799,Stephanie Miller,Brooke Meyer
2016-08-06,Jacqueline Tran,A-801,Erin Jones,949.453.3810x88622,"Jackson, Williams and Hart",51,Miguel Gonzalez,001-249-923-6285x6609,Alicia Robertson,Jonathan Waters
1994-10-07,Scott Williams,A-699,Angela Clements,+1-572-268-7881,"Hall, Mcconnell and Parrish",77,Nicole Hess,795-575-6290x8298,James Rocha,Melissa Johnson
2023-04-16,Robert Rice,A-501,Alyssa Galvan,(932)867-7427,Williams-Gross,34,Karen Ibarra,001-659-463-3887x9324,Logan Mcknight,Edward Johnson
1986-03-05,Kaitlin Gibson,A-326,Charles Davis,663-439-4978x4989,Moreno and Sons,94,Marc Bishop,+1-418-206-5684x551,Andrew Ruiz,Lindsay Crawford
1971-01-12,Mark Snow,A-486,Kendra Morrison,001-614-992-9455,Smith-Hunt,97,Steven Martinez,+1-717-201-2837x51298,Jennifer Jones,Tyler Chavez
1985-10-28,Kim Guzman,A-476,Jonathan Davis,5238300586,"Wise, Randall and Sandoval",20,Henry Reynolds,(983)426-9747,Stephanie Cowan,Anthony Martin
2015-10-26,Philip Hall,A-47,Susan Aguilar,+1-427-446-0784x3451,Dixon PLC,53,Elizabeth Gray,+1-972-392-9758x40492,Daniel Vazquez,Jon Rodriguez
1971-12-01,Mary Smith,A-21,Barbara Mccarthy,4334116407,Morse Inc,98,Renee Grimes,(816)354-8396x8653,Dana Beasley,Andrew Yu
1981-01-25,Brianna Contreras,A-5,Jessica Bauer,(488)355-3787x59039,Reed Group,65,Eric Griffith,(937)542-3434x323,Angel Mills,Gina Christian
1979-08-19,Todd Collins,A-135,Melissa Frederick,(707)481-6092,Meyer-Kramer,88,Amanda Perkins,557.613.5105x3659,Rebecca Hampton,Jacob Dixon
2005-07-06,James Rodriguez,A-814,David Aguirre,690.493.2961x59435,Stephenson-Schultz,83,Timothy Collins,+1-266-701-6153x4428,Kimberly Shelton,Andrew Johnson
1979-02-27,Jesse Hernandez,A-667,Samantha Griffin,(516)774-9604x3608,Le-Powell,9,Makayla Galloway DDS,337-883-5202x25378,Mark Martin,Suzanne Arnold
2004-02-25,Eric Perry,A-451,Joshua Miller,464.511.7225x128,"Snyder, Cook and Smith",66,Maria White,546.654.5030,Mr. Daniel Hicks,Tracey Novak
2011-03-15,Caitlin Martinez,A-7,David Brooks,727-485-6270,Caldwell-Hunter,37,Darrell Nguyen,001-889-484-7826x7361,Larry Ruiz,Anthony Hill
2005-09-01,Joshua Pena,A-943,Matthew Howard,001-272-659-3888,Duncan-Sweeney,1,John Booth,(305)292-2125x2319,Michelle Cook,Gabriel Reynolds
1980-01-21,Andrew Stein,A-146,Angela Nelson,211.868.3159x969,"Reynolds, Johnson and Grant",14,Jacqueline Bond,+1-727-630-1883x02819,Dana Taylor,Steven Lopez
2022-05-14,Nathaniel Miles,A-854,Erica Mendoza,(920)972-3147x8874,Carter-Barnes,13,Jared Christensen,001-981-654-2904x60502,Kimberly Jackson,Rebecca Mcgrath
2018-08-13,Stephen Martinez,A-376,Robert Clements,701-357-1810,Evans Group,7,Emily Bright,001-554-200-8808x8833,Stanley Johnson,Kara Garrett
1980-07-27,Melissa Ramsey,A-294,Kimberly Butler,(222)638-7631,"Jordan, Griffin and Nelson",83,Angela Watson,4367761306,Donald Brooks,Jennifer Smith
2004-07-08,Robert Rodriguez,A-822,Cody Haynes,(721)607-7217x455,Stephens LLC,39,Christopher Shields,615-675-0733x695,Stephanie Douglas,Michelle Wolfe
2001-08-10,Stephanie Durham,A-123,Melissa Johnson,+1-753-354-8212x1449,Cole-Ross,12,Chad Jones,726.821.5270,Michael Walter,Ashlee Harvey
1982-07-02,Terri Rogers MD,A-744,Richard Ferrell,(544)924-2732,"Chavez, Norris and Thomas",10,Mary Gonzales,507.853.7995,Jennifer Williams,Melissa Villa
1998-12-11,Mark Williams,A-716,Alison Ramos,(642)623-5313,Craig-Butler,4,Kristina Nelson,409.984.7317,Brenda Hernandez,Ashley Trevino
2017-02-13,Keith Griffith,A-369,Marcus Ferguson,3738526461,Sanchez LLC,8,Miss Debbie Mcintosh DDS,(266)798-2117,Amber Clark,Mark Bailey
1991-10-23,Jeremy Jones,A-3,Stephanie Bennett,+1-733-742-2251x148,Camacho-Rose,92,Ryan Campbell,834-553-1775,Alyssa Page,Jeffrey Hale
2022-04-24,Fernando Arnold,A-688,Joseph Salazar,+1-454-222-6676x24399,Harris-Arroyo,47,Jason Craig,+1-348-609-9829,Brandon Richards,Brian Hernandez
2007-01-07,Joshua Fuller,A-139,Steven Haynes,850.634.9666,Fleming-Smith,35,Heather Stevenson,284.849.7291x3580,Thomas Jones,Katherine Perez
2007-05-22,Carol Stout,A-886,Sara Henderson,(863)601-5341,"Morse, Lucas and Fields",90,Laura Beard,(202)819-9031,Henry Mcmahon,Angela Gill
2003-10-08,Misty Alvarez,A-30,Dr. Carrie Webb,+1-684-924-5579x904,"Leon, Hooper and Orozco",18,Stephen Jackson,940.851.9677x39208,Carla Atkins,Richard Wilson
2014-12-11,Alyssa Taylor,A-229,Kimberly Snyder,001-567-371-8554,Blake-Jones,7,Jason Buck,+1-387-884-6878x61935,Annette Payne,Robert Harris
1988-01-16,Ruth Adams,A-765,Melinda Weiss,289-582-9470x0747,Hale Inc,39,Sharon Spencer,782.707.5696,Ryan Hines,Michael Harris
1972-07-12,Nicole Daniel,A-353,Mark Byrd,(447)317-7670,Bass PLC,3,David Stout,640-621-4882x62449,Kelly Stewart,Michael Jennings
2014-09-14,Richard Jackson,A-756,Brian Morgan,(217)426-2793,"Case, Stout and Meyers",97,Mark Johnson,9662155831,Larry Hernandez,Edward Page
1973-07-10,Raymond Rivera,A-380,Kevin Cobb,(762)239-3268,"Johnson, Cooper and Thompson",44,James Olson,361.757.7452,Carolyn Clark,Christopher Dominguez
1997-12-22,Terry Jones,A-848,Barbara King,839.834.9770x0662,Barrett-Nixon,59,Sean Hines,712-533-1079,Erin Anderson,Nicole Long
2019-04-01,Crystal Benitez,A-185,Jennifer Butler,(367)575-2951x81464,"Allen, Walker and Huff",27,Mary Anderson,001-297-204-7137x15350,Jennifer Ray,Cassandra Jenkins
2020-07-11,Jessica Allen,A-594,Nicole Mendez,+1-344-749-8371x74859,Jones-King,8,Dr. Breanna Allen,552-824-1138,Jamie Wilson,Eric Hunt
1980-06-26,Kristen Payne,A-595,Steven Walker,385-677-4733x25734,Murphy Group,24,Marcus Torres,924.800.6884,Daniel Castro,Samantha Montgomery
1970-05-04,Elizabeth Campbell,A-450,Jason Carroll,(206)631-9830x8338,Crawford-Lane,76,Dennis Roy,3003237923,Lisa Barnett,Nancy Jones
2004-11-29,Christopher Lewis,A-974,Brittany Franklin,(446)662-6141,Riddle-Williams,50,Ronald Schaefer,001-651-526-4767,Tiffany Mcbride,Jeffrey Howell
