Date,Name,Contact,Department,Purpose,Room and Floor No,Time In,Time Out,Signature,Security Signature
1986-12-11,Melvin Williams,816.803.9863x043,that,Pretty exactly score report later wife light sea.,individual-67,03:51:20,11:28:30,Douglas Mckinney,Scott Williams
1989-06-14,Jordan Keith,4103053120,however,Our outside small positive machine door.,else-3,07:26:22,15:48:12,Debra Adams DDS,Jennifer Hawkins
2018-10-24,Eric Sharp,+1-963-980-1837x142,close,Leg scientist very process.,cell-14,04:27:40,09:27:52,Yvonne Zuniga,Dalton Patterson
2019-11-24,Richard Taylor,899-873-8122x96605,effect,Follow another daughter land effect public bring.,agent-25,06:02:04,02:20:56,Justin Bowen,Karen Bowen
1976-09-27,Stephen Robertson,(321)808-8242x44530,house,Young impact ground however matter involve painting.,including-69,23:54:31,20:05:12,Kathryn Davis,Dr. Timothy Mcfarland
1979-09-03,Michelle Strong,(740)416-7744x5660,itself,When challenge far minute now cause.,local-52,07:52:52,20:45:37,Robert Rodriguez,Sydney Wallace
1996-10-29,Robert Molina,(201)278-6711x9092,structure,Hand dream better despite wait.,west-54,04:14:19,09:03:47,Patricia Francis,Mario Hayes
2007-06-30,Kimberly Graham,294-253-1251,suggest,Cause fire per system data job fast stand.,agency-17,09:13:50,15:07:59,Victoria Kennedy,Jennifer Santos
2020-08-25,Alexandra Melendez,(237)936-8642x1983,official,Be particular matter.,raise-89,05:05:34,10:01:19,Raymond Reynolds,Stacy Henderson
1975-12-15,David Evans,+1-598-419-8818x97413,inside,Gun ahead must one wife far apply.,occur-58,00:32:35,17:21:32,Amanda Morris,Jorge Clark
2020-01-28,Adam Roman,001-884-419-9216x89126,news,Computer push foot religious industry last arrive.,international-65,05:30:03,22:27:05,Andrew White,Mark Gibson
2018-10-15,Brian Miller,604.571.0051x65586,social,Stand open save bit nor young.,and-12,11:29:52,18:19:23,Meredith Diaz,Mr. Jeffrey Terry
2020-10-13,Jason Whitehead,(690)262-4598,car,Stop know firm attorney yes man drive.,as-76,03:39:23,19:02:52,Savannah Gross,Christine Becker
1998-08-14,Kimberly Campbell,(908)798-9245x60115,suffer,Major Democrat drive.,just-78,01:21:11,01:18:53,James Welch,Lisa Williams
1998-06-28,Sabrina Garcia,001-848-333-4074x9866,paper,Ability visit without.,community-3,21:09:11,16:28:15,Julie Perez,Angela Rodriguez
2013-10-25,Julie Thompson,+1-322-886-9009x169,edge,Left suggest suffer knowledge campaign.,add-64,01:03:17,12:04:12,Sean Harris,Dustin Bentley MD
1996-03-08,Tammy Austin,(434)587-3065x079,often,Pick year bill your.,land-38,11:24:01,06:00:23,David Barrett,Robert Bryan
2022-01-31,Roy Nash,001-383-871-5823,plan,Watch medical important.,us-48,22:25:32,16:09:49,Kevin Watkins,Hannah Little
2020-06-25,Kelly Mullins,001-640-907-5725x961,name,Woman them writer anything from can.,something-45,22:49:48,01:28:09,Christine Martin,Robert Hebert
1971-06-09,Kaitlin Fleming,(230)427-2273x784,performance,No strategy less where.,fall-39,05:35:07,07:05:26,John Gregory,Amy Craig
1983-02-27,Yvonne Campbell,378-825-0826x33867,night,Billion there upon property reason.,only-5,15:20:10,22:41:19,Juan Carey,Gregory Yates
1992-05-23,Christopher Fields,6836078883,time,Wind dog indicate decide once when.,defense-26,21:32:30,08:49:21,Jamie Buchanan,Greg Nguyen
1981-09-18,Dawn Brooks,+1-205-939-6288x068,field,Building continue pretty sit goal product interview.,myself-67,20:40:46,15:18:49,Edward Hines,Craig Martinez
1988-10-13,Sherry Cortez,+1-951-203-7440x3788,full,Enter actually soldier light out draw.,open-65,06:13:34,12:14:07,Pamela Rivers,John Serrano
2018-01-22,Alexandra Taylor,(408)885-3817x3018,trouble,Beyond gas news nor usually.,main-57,22:42:12,20:18:25,Keith Porter,Anthony Lewis
2003-05-03,Donna Pratt,001-676-391-7666x4970,significant,Seem general hair by option really.,reduce-70,12:28:56,12:11:44,Eric Moreno,Sarah Mcbride
1981-05-26,Justin Weber,7967540757,born,Want international later above determine fund.,knowledge-21,11:15:12,19:41:31,Michael Adams,Michelle Proctor
2000-07-01,Lindsay Casey,275-790-6429x956,medical,And this several film yourself road.,organization-75,23:58:31,16:04:00,Sabrina Terry,Heidi Rhodes
2008-12-16,Karen Wright,+1-393-779-7554x6778,dinner,Specific example find hotel skill national.,story-20,04:33:52,10:44:22,Joyce Davis,Christopher Meyer
2021-10-21,Evan Ferrell,662.390.8117,view,Skill detail prove situation floor let price.,nearly-47,05:26:24,00:34:31,Andrea Morgan,Wayne Conner
1973-05-25,Mr. Tyler Morton MD,9369610058,child,Bit most health customer ask eight notice simple.,pressure-86,02:52:59,18:41:03,Beth Nelson,Diane King
1978-02-16,Jamie Diaz,001-747-259-0683x44490,recent,Trip interview story bar opportunity night shoulder.,somebody-60,06:46:10,22:35:53,Angela Morris,Jonathan Hodges
1997-11-25,Jason Rogers,821-902-9163,hope,Type everyone better.,current-80,21:33:41,05:27:47,Derek Guerrero,Deborah Gardner DVM
2018-05-22,Maria Wilson MD,943.343.8812x78986,very,Similar store seat these face.,step-68,05:11:39,06:07:56,Mary Mcdowell,Brian Kent
1983-07-13,Allison Robinson,(762)544-1111x70416,military,Form difference training politics simple.,cut-77,22:53:51,05:15:20,Matthew Henry,Karla Gay
2012-01-22,Angela Hines,267.391.9626x450,participant,Place population during society various.,director-95,18:40:45,02:29:33,Richard Williams,Gabrielle Knight
2000-04-16,Jennifer Solis,8246525263,travel,Understand up hair couple fish return itself.,few-44,16:53:49,16:05:50,Janet Dunn,Jorge Patterson
2012-04-04,Sherri Morris,975.697.8519x08523,very,Alone player board.,recent-4,19:22:29,06:18:07,Monica Rose,Pedro Dunn
1998-06-07,Roger Green,+1-897-932-8835x6034,successful,Figure foreign sit how.,charge-87,07:08:14,03:26:08,Paula Jones,Matthew Guerra
1980-02-29,Nicholas Brown,6825135762,view,Full stage animal four mean.,collection-3,08:19:24,01:31:31,Sarah Richardson,John Martinez
1998-02-28,Aaron Vazquez,853-789-8066,pretty,Challenge administration school high general.,eat-61,07:32:34,13:40:53,Philip Lee,Anna Owen
1990-12-02,Lisa Kramer,(684)653-5408x785,decade,Meeting yet because gun often hand.,some-29,17:18:56,17:50:58,Patrick Grant,Steve Hansen
1986-03-14,Amy Johnson,857-322-8153,while,World figure enter and the large.,again-51,21:10:28,22:04:41,Jennifer Taylor,Anthony Forbes
1991-09-16,Samantha Decker,+1-259-368-0434x90105,eight,Country front physical home watch.,crime-17,04:19:23,14:58:19,Sierra Armstrong,Jacob Carroll
1999-08-02,Karen Shelton,(548)579-9024x3233,compare,Situation class ask investment power detail south these.,support-95,10:33:01,16:45:58,Lisa Nunez,Amy Snyder
1990-04-16,Blake Jones,864-951-6981,poor,Program claim our for.,research-38,17:40:59,10:58:04,David Beck,Mrs. Erin Gomez
1993-10-19,Amanda Robertson,4288076795,while,That nice agent same down change.,everybody-10,15:06:23,22:17:43,Michael Williams,Jesus King
1988-07-22,Kevin Castro,(924)662-5871,bad,Star language produce past.,movie-35,07:29:51,06:07:46,Sean Gomez,Michael Yu
2010-01-04,Jason Branch,492.517.3581,according,Hair plant they quite including concern control end.,alone-55,04:06:15,09:23:14,Brenda Coffey,Sherry Odom
2002-11-23,Douglas Ramos,500-756-9357,power,Throw try join study easy themselves.,thank-23,07:40:55,06:33:59,Tristan Foster,James Dawson
2018-03-12,James Bradley,+1-409-933-8273x5901,theory,Be political there establish hard.,early-45,01:24:54,23:43:56,Timothy May,Colleen Dorsey
1979-08-10,Francis Jimenez,910-921-1423x8589,group,Subject garden light scene.,consumer-22,03:51:31,00:52:37,Sean Cooke,Joshua Bates
2003-11-25,Miranda Short,+1-322-895-9570,sport,Draw our rule according some conference.,office-62,05:03:34,00:29:58,David Braun,Patricia Wallace
2004-08-19,Megan Golden,661-295-1302x17866,away,State executive according difference.,price-27,04:56:02,23:20:54,Jeanette Flores,Michael Green
2016-04-26,Lisa Weaver,366-473-5542,relate,Federal why event town statement doctor.,stay-42,11:11:13,10:23:38,Robert Williams,Michael Barber
2020-11-22,Jonathan Thompson,3914645493,world,Night it dinner.,discuss-14,03:23:37,10:39:51,Stephanie Montes,Patricia Lee
1980-07-25,Julia Kirk,001-898-723-2100,respond,Table hold until serious.,thus-33,02:33:21,18:45:54,Sharon Bryan,Peter Bryant
1979-06-07,Maria Hogan,(534)335-8469,perform,Film receive whole lot challenge imagine.,continue-64,10:22:49,04:13:35,Alicia Evans,Ricardo Jackson
2003-02-14,Sherry Hernandez,463.926.8726,drop,Another strong themselves film per ok heart.,down-58,09:55:53,20:22:04,Mia Becker,Becky Moore
1997-08-03,Kenneth Stewart,(657)701-0695x135,prepare,Total music language but learn.,husband-92,13:19:47,08:48:15,Jeffery Melendez,Tina Hicks
1980-11-28,Courtney Edwards,(836)364-9697,loss,Pressure firm improve strategy box hot few great.,perform-59,11:52:44,21:10:36,Barbara Gomez,Samuel Acevedo
2004-12-12,Christopher Sanchez,260-388-5292x570,strong,Work soon weight hot.,rock-13,10:11:53,09:13:26,Charlotte Tanner,Anthony Payne
2015-07-14,Elizabeth Warren,+1-558-701-0313x1478,population,Skin table position clearly research consider.,mouth-56,02:24:05,13:21:20,Michael Vaughan,John Knapp
2009-08-17,Brittany House,+1-489-762-6430,hotel,Itself event act explain center look clear benefit.,hot-95,06:27:24,23:36:35,Mary Willis,Renee Kramer
2021-04-15,Desiree Smith,+1-484-547-6800,decide,Certainly environmental PM service end senior.,surface-71,06:40:13,17:36:36,Craig Hardy,Melanie Scott
1979-09-03,Dana George,995.702.0955x882,model,But economic business those here.,remain-77,01:29:43,22:45:21,Damon Cortez,Kelsey Rodriguez
2002-04-02,Melissa Lowe,273-466-4159,political,Green say both how.,relationship-3,10:39:55,13:46:18,Joseph Stout,Pamela Velazquez
2020-01-09,Jorge Bishop,(511)507-1443x04039,same,Would mother beyond sport dark amount shoulder.,institution-30,03:36:46,22:17:17,Pamela Morris,Penny Gibbs
2005-09-14,Patricia Fowler,+1-706-518-9380,quality,Strong final much.,grow-53,11:45:11,14:07:19,Robert Thompson,Randy Moore
1986-02-03,Taylor Reyes,927-627-2104,chair,Test opportunity future class.,detail-61,11:56:12,04:02:52,Ashley Johnston,Jaime Ortiz
1998-12-19,Mike Ortega,470-724-0133x84246,carry,Ask air the always event.,them-35,03:59:14,01:01:08,Savannah Weeks,William Collier
1995-07-29,Alexis Watts,849.867.4682x127,nothing,Ok adult arm couple and want great.,significant-55,01:58:58,02:16:06,Alexandra Simmons,Carrie Trujillo
1985-10-27,Sara Duncan,+1-347-502-8798,situation,Pay change hand left tree southern.,move-42,06:05:27,20:19:28,Chad Lopez,Willie Kaufman
1974-12-29,Heather Gray,8062505468,late,Care shoulder call base something thought him.,poor-14,16:10:58,09:40:36,Natasha Moss,Alan Smith
2017-10-18,Rachel Pierce,591.421.4842x8857,art,Blue production project big.,lose-48,12:36:07,15:48:46,John Reed,Joshua Delgado
1989-06-18,Monica Thomas,001-823-526-1113,yeah,Focus investment suggest scientist role full state.,attack-41,18:22:45,05:06:13,Jessica Christensen,Spencer Frederick
1998-07-06,Annette Nolan,+1-459-439-5957,rate,Industry person evidence affect.,part-71,07:30:17,17:15:23,Bryan Smith,Tyler Gallegos
2009-12-16,Kellie Castaneda,466-944-8185x95492,tonight,Happen forget enough role lead subject.,president-67,06:57:43,11:52:40,Annette Benson,Olivia Mercado
1979-11-14,Nancy Williams,(735)906-0559,late,Me list particular report ten sometimes study behind.,education-13,00:51:56,11:44:52,Mrs. Michele Chan,Russell Gonzales
1979-12-03,Erik Arias,745.598.7250x11136,develop,Instead approach still small beyond argue.,reveal-43,11:25:34,17:20:52,Sandra Smith,Jonathan Garcia
1979-02-24,Veronica Andrews,+1-544-775-6923x51605,parent,Follow blue sea leg include.,by-38,02:37:42,07:49:27,Erin Vargas,Julie Parker
2004-05-19,Rebekah Smith,(660)391-7162x2532,concern,Note specific cover threat either.,who-46,05:20:58,01:32:26,Jason Ruiz,Julie Miller
2011-05-12,Robert Lynch,2068001417,hard,Contain environment career always.,industry-59,20:32:52,23:50:02,Courtney Smith,David Johnson
1977-11-10,Preston Rodriguez,(998)496-5418x64707,inside,Factor through last.,everything-79,07:08:18,20:07:52,Lisa Hobbs,Sylvia Phillips
1996-01-10,Roger Hart,001-838-392-1563x7425,figure,Movie issue expect since subject.,soon-23,08:38:44,16:00:52,Daniel Terry,Lori Pham
1970-03-19,James Garcia,+1-426-231-5115x0310,ahead,Affect American send show leave.,memory-45,02:48:34,11:43:33,Paul Rojas,Carolyn Rodgers
2022-07-25,Daniel Williams,001-360-476-5307x66397,space,Campaign message likely recently too relationship business.,democratic-31,22:49:33,11:08:03,Courtney Robinson,Patrick Peterson
2013-08-13,Lacey Williamson,001-988-684-1197x3366,visit,Person story significant decade million think.,today-79,14:13:09,17:18:26,Joshua Lewis,Kimberly Mendoza
2023-02-04,Marvin Todd,545-618-2737x5729,treat,Heart son wish movie idea area would.,nice-18,20:04:21,09:41:33,Dustin Bailey,Robert Coleman
2011-09-23,Audrey Cooper,+1-640-899-7512x02060,government,Affect cost approach identify board.,wife-5,17:22:46,15:43:16,Amanda Walters,Taylor Savage
2002-10-14,Joseph Lyons,+1-909-378-3365x044,class,Suggest street member last heart.,commercial-85,05:03:41,18:48:52,Douglas Smith,Justin Stanley
1987-10-29,Rachel Cooper,+1-487-870-1131x9026,mean,Executive affect push degree.,represent-88,11:17:37,00:47:12,Dakota Davis,Gregory Potter
2003-09-06,Michael Daniels,451-981-9699x24018,short,Bit which say player bring see.,great-23,18:47:31,08:28:24,Jennifer Meyers,Thomas Miller
2022-10-25,Kayla Warren,2667772407,ten,Too foreign doctor agency.,large-7,07:09:20,16:44:11,Scott Hernandez,Shannon Myers
1999-10-04,Erin Ellis,889-231-4920x69550,full,Test age specific yard.,shoulder-85,17:02:45,04:03:17,Brandon Mills,Aaron Ray
1976-01-10,Karen Scott,(284)999-3367,discover,Standard score past president near.,early-84,05:43:14,20:11:57,Chelsea Vargas,Philip Hamilton
2017-09-03,Joseph Osborne,(317)988-8265,attack,Tv market scene speech.,five-4,11:31:11,18:44:35,Pamela Martinez,Kayla Clark
2012-01-08,Richard Adams,+1-799-525-8348x5114,oil,Respond up way lay table.,occur-75,08:46:09,08:01:45,Ashley Thomas,Tiffany Norman
2004-09-03,Tara Davis,+1-811-588-0552x8830,animal,Arrive could sign anything arrive wide.,itself-75,03:18:52,23:18:04,Nicole Lutz,Roger Turner
1973-02-19,Alisha Allen,(324)651-8898x46285,minute,Eight scene base college TV outside hand.,military-52,12:00:55,18:44:09,Jordan Sellers,Theodore West
