Date,Name,Roll No,Room No,Contact,Equipment,Time,Remarks
2008-10-31,Jesse Henderson,2020211,A-735,7900272584,should,17:32,Ground plan if whole relate.
2002-06-30,Jesse Henderson,2020211,A-374,7900272584,board,20:13,What nation high vote sister rule.
1988-04-10,Jesse Henderson,2020211,A-96,7900272584,teacher,13:21,Bit mouth up discover age two leader message.
2021-02-22,Christina Edwards,2023235,A-525,1772307358,save,16:43,Less power author Mr knowledge throughout.
1994-05-19,Cassandra Richardson,2022624,A-830,6883317890,bed,02:35,Million father reach learn my alone race serve.
1970-06-25,Julian White,2019914,A-679,2857953488,fast,05:50,Movement show president candidate modern.
2013-04-20,Jessica Johnson,2023592,A-467,1068015350,price,14:02,Interest picture view TV.
1987-05-06,Thomas Graham,2020162,A-371,4322515148,special,23:27,Nor collection drop fear apply.
2018-12-06,Jason Roberts,2021002,A-948,3630732846,which,18:07,Off world design morning teach.
2022-06-15,Zachary Houston,2023745,A-495,2310796157,boy,15:57,Wear page way experience dream method.
2023-03-25,Brittany Williams,2023888,A-683,1496489336,recent,22:10,Clear ok sense structure public common.
1993-01-23,Nathan Smith,2024709,A-104,3007082866,rate,11:13,Election apply spend run culture hit.
2009-05-03,Ryan George,2018098,A-948,4530392026,after,21:39,Recognize enter ahead check.
2011-04-23,Carol Hayes,2020222,A-548,4651502874,team,13:31,Visit specific action why program plant chair.
2021-06-14,Patricia Phillips,2020093,A-960,8856230825,bill,01:12,Then old task.
1996-06-27,Ms. Emily Miller,2023460,A-365,3664946161,protect,04:30,Church place I since.
1975-05-19,Megan Fowler,2019993,A-636,7755544218,song,13:50,Chance number toward owner all.
1998-04-22,Robert Smith,2024499,A-82,4750292241,ahead,05:44,Eight same ahead human common either.
1989-12-19,Andrew Peterson,2020417,A-928,3156275604,growth,21:04,Glass child admit training treatment image very.
2003-04-10,Jason Roberts,2021002,A-350,3630732846,hear,14:31,Report management notice third.
1985-05-29,Bryan Donovan,2023552,A-708,2330769019,sometimes,02:20,Sure ago true cut miss might contain various.
1979-01-03,Lori Parker,2018254,A-187,964218027,Mr,06:22,Clear note shoulder send east perhaps.
1999-05-16,Gregory Duke,2021131,A-548,3405934871,various,16:25,Return save chair Mrs let just.
2001-07-05,Marcus Everett,2019200,A-519,2361619183,play,18:54,Sort word hear go entire have job.
1989-07-24,David Silva,2018956,A-976,5390652644,explain,23:49,According group mission apply this.
1990-07-11,Tyler Sanders,2023709,A-881,2571068234,matter,17:15,Parent ago culture expect.
1985-12-19,Zachary Houston,2023745,A-248,2310796157,build,00:44,Air physical back.
1984-06-19,Scott Freeman,2022328,A-943,676766988,senior,02:49,Ground onto address some chance pay bag education.
1973-07-10,Elizabeth Williams,2019931,A-317,446124691,important,23:59,Whether white different enjoy fight.
2015-09-10,Robert Smith,2024499,A-923,4750292241,price,02:53,Floor professor at condition say experience attack.
2012-10-20,Juan Young,2024070,A-529,7048783113,partner,22:32,Guess opportunity nor TV walk beat.
2015-03-28,Gabriel Richards,2023661,A-133,3021136457,space,06:02,Increase stock itself page change leader.
2008-04-18,Nathan Smith,2024709,A-557,3007082866,chair,23:51,Thousand what sit sea.
2017-09-13,Jocelyn Ward,2018118,A-917,3827881399,indicate,20:00,Over hundred city Democrat finally.
1979-11-19,Mr. Ian Ward,2024726,A-145,9512308933,high,02:20,Attorney edge against any benefit including.
2007-07-31,Jennifer Kidd,2020797,A-620,6930432569,control,00:16,Character time ever interview my sing pretty.
2017-12-24,Louis Davidson,2021102,A-16,891660415,improve,20:21,Move beautiful success leader interest network.
2008-02-06,David Silva,2018956,A-128,5390652644,budget,00:32,Career list hair story radio despite.
2021-03-07,Zachary Houston,2023745,A-309,2310796157,focus,13:14,Amount own three those first.
2004-03-29,Lauren Mayer,2020150,A-345,5876089437,option,13:45,Produce water send result heart for card.
2013-11-25,Ms. Emily Miller,2023460,A-408,3664946161,hold,18:34,Back improve star mother address never.
1970-03-06,Manuel Casey,2020314,A-647,348238811,arm,12:42,Federal light significant system visit arm.
1988-09-21,Valerie Henry,2019303,A-66,9297181698,idea,10:57,Space her soldier economy turn describe.
1975-03-14,Megan Fowler,2019993,A-492,7755544218,charge,13:56,Today money artist people safe control story.
1972-02-24,Patricia Phillips,2020093,A-972,8856230825,whether,18:33,Than up social occur.
1994-01-15,Kathryn Wallace,2022847,A-397,6718464920,throw,06:00,If north fall particular unit rather generation.
1970-05-08,Jesse Henderson,2020211,A-77,7900272584,remember,07:01,Occur fine consider.
2019-08-15,Amy Miller,2019192,A-13,4664227070,three,04:32,Item exactly why mind.
1980-04-21,Joseph Alvarado Jr.,2020630,A-45,5105668696,event,17:15,For take likely across with.
1973-06-07,Gabriel Richards,2023661,A-985,3021136457,yes,14:44,Close address top room staff.
2018-11-12,Zachary Houston,2023745,A-783,2310796157,evidence,14:43,Establish beat young power admit positive.
2006-01-12,Carol Hayes,2020222,A-803,4651502874,no,01:51,View although cultural night fact world.
2007-01-22,Alex Ball,2018253,A-203,5812100252,series,18:36,Work according new threat owner instead.
1980-07-20,Troy Campbell,2024122,A-134,748640831,accept,04:38,Town on suggest determine wide identify.
2005-12-15,Shannon Bradley,2024218,A-754,1491153420,consider,05:53,Couple data part outside fact around computer.
2011-10-21,Clifford Harrison,2023203,A-144,7846920008,add,01:04,Environmental stop it sign man.
1992-07-05,Robin Rivas,2022848,A-692,8692917410,fill,08:11,Federal which treat court material window mother.
2021-03-05,Mark Schroeder,2019845,A-231,5519710031,year,22:40,Street surface term environmental watch reflect building.
1974-12-03,Richard Ferguson,2020783,A-81,3065318843,those,17:50,Fast buy run drive fast strong report.
2006-08-12,Matthew Jimenez,2020961,A-153,5226189951,eat,15:29,Give view special low.
2011-11-28,Juan Young,2024070,A-780,7048783113,quality,18:17,Five structure book everyone.
1993-05-05,Joseph Alvarado Jr.,2020630,A-553,5105668696,note,19:23,Late huge gun full security mouth kid.
1977-09-08,Clifford Harrison,2023203,A-478,7846920008,couple,02:42,Behavior lawyer the watch child hold decision.
1973-02-28,Timothy Armstrong,2024297,A-537,2096990872,Republican,18:25,Our fall talk section.
2001-08-09,Harold Moreno,2020213,A-56,2322998750,design,16:10,Meet develop unit manager.
2012-10-24,Amy Miller,2019192,A-303,4664227070,high,12:45,Red evidence simply perhaps address bank leader.
1988-05-31,Kimberly Adams,2023341,A-441,7285384122,yes,14:15,Office box focus star ground pull test science.
2005-11-20,Alexander Jones,2022169,A-880,3765225842,picture,08:06,Study later Mr drop heart fast close.
1971-05-04,Aaron Weeks,2021651,A-627,1609980311,would,10:43,Be enough reason long throughout.
2012-01-15,Troy Campbell,2024122,A-293,748640831,campaign,02:37,Check another sing picture scene player.
1999-09-22,Mark Ramos,2021128,A-577,4844920649,foot,14:57,Maybe measure he when whether especially.
1996-01-12,Becky Reed,2020798,A-881,4889284940,out,21:40,Trip way who service expect us.
2004-06-19,Christopher Norton,2018815,A-949,2089705754,certain,12:37,Thousand three believe part interest provide beat.
2006-11-21,Zachary Houston,2023745,A-868,2310796157,tonight,14:34,Stage early fast bank television.
2000-06-09,Jennifer Wilson,2019917,A-436,5980745381,by,22:38,This identify music well notice onto world.
2001-09-28,Martha Gordon,2019442,A-376,628129916,character,20:11,Free condition film performance late could late.
2020-08-04,Jennifer Walsh,2018976,A-777,4244111274,apply,14:55,Or top believe hit yourself.
2021-03-02,Christina White,2020246,A-846,4063274354,matter,16:03,There against method feeling.
1971-07-22,Andrew Peterson,2020417,A-61,3156275604,interest,13:50,Agree me energy born miss pay.
1978-06-28,Mark Schroeder,2019845,A-317,5519710031,clear,16:12,Now seem mention voice.
2000-07-18,Kathryn Wallace,2022847,A-136,6718464920,return,23:50,Partner sit people its improve.
1970-05-23,Lori Parker,2018254,A-170,964218027,easy,11:59,Family thus drop out or spring international.
1998-12-23,Jessica Mercer,2023255,A-716,5595701286,address,14:10,Simply century head director vote us.
2020-07-20,Thomas Galloway,2021316,A-684,9230913708,attack,12:11,Magazine own set science tax.
1986-02-13,Troy Campbell,2024122,A-304,748640831,learn,03:55,Song eye will idea think road.
1997-10-19,Timothy Armstrong,2024297,A-813,2096990872,help,11:27,Note price just activity.
2012-10-01,Henry Miller,2023549,A-90,7100120813,whole,05:53,Contain there when station finish each.
2003-04-01,Todd Arellano,2020269,A-258,6474058731,floor,23:44,Avoid treat college we thing public.
1977-04-13,Brad Armstrong,2022725,A-178,2456146108,room,14:13,Election activity focus night class fine act.
2020-06-05,Mrs. Nicole Griffin,2022487,A-469,169303181,company,17:22,Defense check bring day TV somebody.
1996-03-19,Shirley Huff,2024869,A-32,7074113238,road,23:23,Large positive ten group rate blood may.
2006-07-05,Tyler Sanders,2023709,A-472,2571068234,another,07:19,Sound plan include under probably debate couple.
2002-10-18,Craig Lawrence,2024868,A-630,7712309284,town,04:37,Center visit area by.
2008-05-12,Michael Martinez,2024786,A-383,1887682147,education,19:25,Government book carry citizen energy behind up.
1980-12-06,Patricia Phillips,2020093,A-921,8856230825,in,21:00,Recognize check professor accept open open.
2018-10-10,Christopher Norton,2018815,A-692,2089705754,from,22:42,Subject talk determine nature religious people.
1989-01-08,Zachary Houston,2023745,A-39,2310796157,power,13:32,Right per movement prepare impact.
2012-12-08,Christy Gibson PhD,2019842,A-194,3618339740,myself,19:22,Live decade prepare everything.
1984-08-24,Nicole Walsh,2019540,A-945,2356509362,to,20:50,Six control difficult police education.
1990-07-08,Amy Miller,2019192,A-644,4664227070,away,13:33,Kitchen example event necessary.
