Date,Name,Roll No,Room No,Contact,Equipment Issued,Quantity,In_Time,Out_Time,Signature,Remarks
2010-08-23,Jonathan Young,2021018,A-645,55711165,home,8,16:11,02:13,Jonathan Young,Trade soon act since ever claim source.
1988-07-28,Margaret Mckinney,2018014,A-220,5746949188,yourself,0,20:11,15:03,Margaret Mckinney,Who star environmental view list each.
2002-01-18,Mike Vargas,2024072,A-951,9974901088,interesting,9,18:30,19:16,Mike Vargas,Bar financial system necessary success order concern.
2018-10-29,Christopher Alvarado,2021011,A-307,7778519803,word,8,00:43,13:26,Christopher Alvarado,Hand tree ever these movement sing.
2003-03-10,Susan Gray,2020065,A-861,2223583101,long,0,01:40,11:08,Susan Gray,Sort drug quite college meet media.
2000-03-04,Jenna Mcknight,2023016,A-280,3347606454,food,8,02:14,19:43,Jenna Mcknight,Drive road appear either.
2009-02-09,John Padilla,2023007,A-369,3601711683,office,7,01:24,14:43,John Padilla,Democratic final wrong range capital live.
2009-03-17,David Willis,2018004,A-618,6674595094,sound,4,01:25,05:09,David Willis,Although speech section nice rich bill agreement.
1970-03-30,Sharon Stephens,2018030,A-481,9718057898,writer,6,20:53,00:11,Sharon Stephens,Role read fish prevent have.
1981-08-10,Steven Holt,2020067,A-817,2201827272,attack,5,18:07,16:13,Steven Holt,Attention plan compare growth picture.
2001-11-07,Terry Holder,2020047,A-655,4820397855,increase,7,15:27,22:12,Terry Holder,Hour force second newspaper style growth.
1990-07-03,Kimberly Wheeler,2021085,A-706,2098973796,image,7,00:15,08:20,Kimberly Wheeler,Science industry concern health.
2018-09-06,Michael Oconnell,2023001,A-646,3628922027,room,6,15:37,16:01,Michael Oconnell,Teacher well enjoy look.
2021-10-20,Tonya Murphy,2022036,A-477,8818226842,claim,1,21:59,22:16,Tonya Murphy,Member present so less exist reality.
1974-08-24,Wendy Rhodes,2024084,A-102,445484735,deep,7,09:23,07:12,Wendy Rhodes,Although single manage theory bank price save.
2021-12-13,Jonathan Kelly,2024026,A-688,4726125181,might,4,02:52,11:13,Jonathan Kelly,Try give physical determine the.
1981-10-08,Terry Holder,2020047,A-783,4820397855,prepare,6,09:51,08:24,Terry Holder,From be can art parent.
1979-05-21,Christopher Pittman,2022058,A-525,5388882591,Congress,0,18:25,03:52,Christopher Pittman,Suggest office chance.
2008-11-25,Brandy Thomas,2020068,A-538,2230296688,prevent,7,03:02,03:43,Brandy Thomas,Appear somebody federal season.
1973-06-08,Lance Brooks,2024022,A-766,4478225466,growth,5,07:03,23:18,Lance Brooks,Reduce manage ground such deal character worry since.
1983-09-29,Christopher Pittman,2022058,A-335,5388882591,part,7,16:08,11:38,Christopher Pittman,Attention sign parent idea mission hotel blue.
2002-07-19,Kayla Green,2024039,A-543,7479884696,conference,5,09:39,20:43,Kayla Green,Down popular economic executive they rather throw.
1985-10-04,Kim Roman,2023066,A-729,1318030017,hit,6,14:08,00:54,Kim Roman,Evening job program western concern law.
1971-01-09,Brian Hamilton,2018090,A-125,3765738578,billion,0,22:43,08:25,Brian Hamilton,Offer large president wonder key attention.
1975-03-28,Sara Marshall,2021074,A-470,4208106549,condition,7,08:58,12:41,Sara Marshall,Off onto employee.
2021-05-10,Julie Bowers,2022044,A-510,4280125586,region,4,19:08,05:50,Julie Bowers,Put participant start drive better best.
2017-09-15,Christopher Alvarado,2021011,A-310,7778519803,send,6,11:55,02:38,Christopher Alvarado,Describe direction college war military sport structure.
1984-05-11,Anna Sanford,2020056,A-644,7155504576,that,0,00:28,19:21,Anna Sanford,Yourself least special remember kind.
1989-11-06,John Martin,2019059,A-524,2546966753,science,4,21:19,07:28,John Martin,Base defense dinner clearly it building spend.
1985-12-26,Janice Sanchez,2024034,A-148,659398103,research,6,15:01,17:47,Janice Sanchez,Per all require senior according inside animal bill.
1975-08-03,Jessica Mitchell,2019096,A-0,435204776,she,3,08:10,23:18,Jessica Mitchell,North put little whether me save.
1993-08-18,Jeanette Cooper,2022051,A-61,5377595506,say,6,04:19,16:13,Jeanette Cooper,Spend claim vote discussion all indeed appear choose.
1987-06-24,Charles Daniels,2019002,A-335,4280384343,environmental,9,12:37,19:23,Charles Daniels,Beat author card sense.
1996-02-20,Lisa Chapman,2019087,A-903,3097525378,interest,6,19:00,21:36,Lisa Chapman,To participant perform care south from practice identify.
1991-02-17,Christine Avila,2018013,A-647,3628297633,check,3,01:25,17:57,Christine Avila,Least stock well job.
1971-07-25,Jesse Hamilton,2023071,A-764,2311481934,list,9,11:33,14:39,Jesse Hamilton,Share line peace language its how no cold.
1975-01-11,Wayne Chavez,2024098,A-964,475634962,us,8,13:08,12:23,Wayne Chavez,Sense natural although necessary suffer.
2001-07-18,Christine Avila,2018013,A-296,3628297633,tell,1,15:51,15:01,Christine Avila,Story old interest challenge task skin return responsibility.
2008-12-18,Jessica Mitchell,2019096,A-413,435204776,street,6,22:03,19:30,Jessica Mitchell,Authority team about soldier southern.
2006-11-11,Christopher Cabrera,2019081,A-310,252787006,our,0,07:16,22:14,Christopher Cabrera,Tree let glass point drive kitchen choice.
2008-03-24,James Jones,2021040,A-740,7236322993,stock,5,17:49,21:47,James Jones,Stand life particular born police course.
1973-06-24,Margaret Mckinney,2018014,A-766,5746949188,tell,6,00:33,01:22,Margaret Mckinney,Ability international power black enter occur I say.
1975-12-15,Beverly James,2020097,A-577,330420956,performance,3,13:31,04:13,Beverly James,Situation box child continue official young.
2003-01-05,Christine Avila,2018013,A-137,3628297633,wonder,7,21:34,07:01,Christine Avila,Word unit TV yeah protect car response.
2001-09-27,Christine Avila,2018013,A-545,3628297633,hot,1,20:42,07:01,Christine Avila,Read help improve hotel always fill.
1998-04-19,Steven Vincent,2019075,A-889,3069401591,factor,4,10:42,11:43,Steven Vincent,While them spend after rock recent.
2019-10-06,Mark Palmer,2020050,A-367,7687327168,treat,1,10:51,07:05,Mark Palmer,Challenge media rock surface very cup small.
1990-02-28,Sara Marshall,2021074,A-845,4208106549,race,4,17:53,14:56,Sara Marshall,Force friend movie performance training.
1999-06-19,Jason Mitchell,2019089,A-927,8642168490,phone,6,19:08,16:38,Jason Mitchell,Tell fact treat staff stock far.
1999-07-24,Lisa Chapman,2019087,A-5,3097525378,spend,0,15:56,20:37,Lisa Chapman,Suddenly development ground worker threat summer white.
2017-02-07,Angela Singleton,2019094,A-305,9250521790,start,9,09:13,19:59,Angela Singleton,Environmental security environment place agency interest.
1971-01-25,Janice Sanchez,2024034,A-773,659398103,person,4,07:40,12:11,Janice Sanchez,Thank hospital Republican information and probably each.
1988-07-18,William Williams,2019048,A-523,1814537104,region,3,06:38,01:23,William Williams,That try worker six friend thought.
1976-10-16,Wendy Rhodes,2024084,A-673,445484735,view,0,21:05,09:17,Wendy Rhodes,Reason part college reason.
1988-01-02,Christopher Cabrera,2019081,A-939,252787006,production,4,02:07,03:54,Christopher Cabrera,Indeed while give central fund.
1974-12-05,Stacy Gardner,2021061,A-708,6937476377,something,8,12:07,15:15,Stacy Gardner,Customer better plan friend risk American choose.
1980-12-18,Timothy Norris,2022037,A-495,9421531697,religious,3,12:29,02:47,Timothy Norris,Spring thought even group up city owner strategy.
2001-10-01,Rachel Trevino,2021029,A-917,6854071229,believe,0,02:44,06:12,Rachel Trevino,Actually late customer race mouth career.
2003-04-08,Joshua Maxwell,2018062,A-42,9614666589,system,0,03:52,02:43,Joshua Maxwell,Fund rest modern type young hospital.
1978-08-20,Christopher Hurley,2018025,A-812,5495226288,poor,4,07:04,16:57,Christopher Hurley,Management voice agreement.
1987-12-10,Mrs. Stacy Matthews,2023009,A-986,3189568891,war,5,06:32,12:35,Mrs. Stacy Matthews,Simply simply lot.
2017-08-29,Amber Morgan,2023055,A-605,3748715067,prove,4,22:58,08:16,Amber Morgan,Into rather trouble member everyone.
2002-06-15,Paige Long,2023054,A-940,1008477111,approach,2,05:05,20:25,Paige Long,Home development much board relate detail these.
2012-06-20,Rodney Maxwell,2018038,A-637,4626542630,benefit,9,03:08,15:42,Rodney Maxwell,Whose quite our listen other big civil.
1970-06-02,Paige Long,2023054,A-41,1008477111,remember,5,06:07,21:19,Paige Long,Rest follow turn little job.
1991-05-21,Mrs. Stacy Matthews,2023009,A-964,3189568891,specific,7,02:49,22:29,Mrs. Stacy Matthews,Ahead expert like book rule poor west participant.
1991-02-25,Jonathan Young,2021018,A-320,55711165,answer,8,21:14,09:20,Jonathan Young,Total myself yeah couple understand go away.
1992-11-07,Ashley Harmon,2019064,A-805,2530584750,should,9,05:40,11:05,Ashley Harmon,Fear purpose for expect among because.
1978-01-17,Robert Becker,2024027,A-32,5779606165,movement,1,17:37,19:39,Robert Becker,Wrong above team travel.
1994-12-28,Steven Lee,2020017,A-29,8043310953,realize,2,16:50,02:21,Steven Lee,War cost improve after.
1976-02-04,Angela Black,2024079,A-94,6658867754,bar,4,05:15,12:40,Angela Black,Author center better detail fund.
2020-07-17,Anna Sanford,2020056,A-970,7155504576,court,5,06:34,09:27,Anna Sanford,Society challenge woman information wish.
2016-02-16,Brandi Potts,2022080,A-927,9843358266,again,3,19:08,09:15,Brandi Potts,Become drop help.
1971-12-19,Rachel Trevino,2021029,A-668,6854071229,me,9,19:44,04:09,Rachel Trevino,Low field present place.
2001-08-12,Angela Singleton,2019094,A-455,9250521790,north,8,09:22,04:11,Angela Singleton,Result most success three.
2015-04-02,Joseph Tate,2020020,A-435,4199914688,require,0,08:26,19:48,Joseph Tate,About difficult machine watch.
1972-03-13,Christopher Pittman,2022058,A-314,5388882591,body,8,17:48,06:06,Christopher Pittman,Oil daughter more body indeed under must.
2001-07-21,Charles Marsh,2023008,A-419,5103095307,likely,3,06:30,22:47,Charles Marsh,Oil spring movie have.
1989-10-28,Joseph Tate,2020020,A-744,4199914688,exist,1,19:55,12:13,Joseph Tate,Exist glass anything begin up career assume.
1972-10-25,Daniel Wilson,2021042,A-75,3360056019,inside,2,14:38,20:09,Daniel Wilson,Power near water try kitchen.
2019-11-27,Kevin Miller,2020046,A-45,5982084728,coach,4,21:32,11:34,Kevin Miller,He prepare second we state point himself.
1986-01-13,Jennifer Spencer,2020006,A-978,9062967163,PM,2,12:35,05:55,Jennifer Spencer,Late four result style throughout professional indeed continue.
2001-10-08,James Lewis,2019069,A-938,3562238736,phone,9,14:52,19:37,James Lewis,Program her social word sport sense different.
2010-04-10,Terry Holder,2020047,A-775,4820397855,might,7,02:49,12:25,Terry Holder,Certain including sport follow.
1977-12-12,Brandy Thomas,2020068,A-259,2230296688,write,4,03:16,04:02,Brandy Thomas,South understand speech newspaper suddenly participant star cause.
1973-04-08,Anthony Moody,2019033,A-742,9373262728,avoid,6,01:01,11:59,Anthony Moody,Away paper past decide likely no letter.
1980-11-28,James Lewis,2019069,A-874,3562238736,loss,9,14:35,18:32,James Lewis,Laugh important argue short side field.
2018-03-31,Tiffany Rhodes,2018052,A-287,3921711634,reality,4,23:51,18:31,Tiffany Rhodes,Politics expect democratic maintain live set.
1974-01-29,John Padilla,2023007,A-389,3601711683,pretty,5,05:54,16:11,John Padilla,Thus simple big why.
1996-01-01,Rodney Maxwell,2018038,A-783,4626542630,management,8,22:05,03:41,Rodney Maxwell,Hard commercial suffer social across including bed.
1977-06-21,Lindsey Roberts,2020060,A-220,2563721011,design,4,03:24,13:28,Lindsey Roberts,Fear near pass organization subject.
1979-11-11,Terry Holder,2020047,A-819,4820397855,night,8,15:35,01:00,Terry Holder,Current stage sign author at.
1995-09-29,Tiffany Rhodes,2018052,A-83,3921711634,hear,6,14:35,03:51,Tiffany Rhodes,Consider remain fast Republican attorney.
1982-06-05,Daniel Williams,2023082,A-991,3720277520,home,3,02:38,02:13,Daniel Williams,Catch often Republican among develop story.
1988-12-05,Caitlin Williams,2023092,A-4,3558142815,great,4,08:10,15:29,Caitlin Williams,Hot though trial down well.
1976-11-17,Mrs. Stacy Matthews,2023009,A-648,3189568891,western,7,18:26,00:07,Mrs. Stacy Matthews,Wind by sport sign child.
1985-11-07,Wayne Chavez,2024098,A-199,475634962,quite,7,05:03,18:14,Wayne Chavez,Writer Mrs cause reason eye religious get wear.
2021-11-10,Kimberly Wheeler,2021085,A-277,2098973796,your,0,10:00,12:50,Kimberly Wheeler,Card about event fire floor recently anything.
2022-06-13,Christopher Alvarado,2021011,A-12,7778519803,next,1,21:19,13:00,Christopher Alvarado,Performance program must bed image.
1977-08-01,Janice Sanchez,2024034,A-189,659398103,they,8,05:01,16:22,Janice Sanchez,I general Mrs table.
