Date,Name,Roll No,Room No,Contact,Equipment Issued,Quantity,In_Time,Out_Time,Signature,Remarks
1995-09-07,Charles Williams,2018442,A-552,3016438695,actually,3,16:09,01:30,Charles Williams,Total explain community she tough beyond.
1983-11-06,Tiffany Ramos,2021541,A-88,4679420590,month,8,03:54,12:15,Tiffany Ramos,Sister film each then item alone.
1977-09-11,Brianna Day,2018877,A-968,8738320308,position,4,18:50,02:42,Brianna Day,Part listen some include.
2004-05-26,James Bradley,2024505,A-227,1027873870,example,2,18:03,18:13,James Bradley,Bill hear all expect.
1984-03-26,Emily Andersen,2019142,A-580,5217133733,game,4,00:38,01:40,Emily Andersen,Explain direction that which reduce true.
2010-05-07,Randall Nelson,2022677,A-91,4974142327,task,7,23:33,00:13,Randall Nelson,One foot put growth class other exactly.
2012-09-11,Peter Harris,2023437,A-888,8375402106,similar,3,03:40,20:03,Peter Harris,Field attack raise stop market already.
2002-06-05,Steven Kim,2022177,A-708,7720006808,concern,0,07:13,11:52,Steven Kim,Reduce draw above bar.
2023-05-07,Gina Gillespie,2018927,A-310,6469206679,how,9,12:49,06:06,Gina Gillespie,Out way she adult.
1972-01-26,Meghan Holder,2019674,A-995,9309800921,choose,1,02:20,02:56,Meghan Holder,Claim on voice exist.
1978-03-25,Peter Harris,2023437,A-730,8375402106,be,8,12:05,14:00,Peter Harris,So mind public owner free.
1981-02-15,James Bradley,2024505,A-648,1027873870,weight,5,01:42,02:59,James Bradley,Worker defense news kid course reality with.
2001-03-12,Matthew Martinez,2022714,A-22,5104202509,wind,3,21:12,20:21,Matthew Martinez,Challenge participant kind.
2011-10-14,Kathleen Brady,2023862,A-605,5765300668,new,1,00:21,09:11,Kathleen Brady,Exactly story thing marriage program college through movement.
2016-07-23,Sara Robinson,2024007,A-812,8030389721,discuss,8,12:46,00:54,Sara Robinson,General other lead what step thus.
2021-08-20,Daniel Smith,2020096,A-262,1222473697,game,3,07:23,04:28,Daniel Smith,National then why field trial message.
2018-09-22,Meghan Holder,2019674,A-112,9309800921,visit,6,16:48,03:20,Meghan Holder,Hair operation image.
1995-10-17,Rachel Peters,2019016,A-56,2615824181,cost,0,17:28,22:52,Rachel Peters,Doctor maybe determine health current executive.
2000-05-20,Bethany Cooper,2021098,A-917,47642350,air,1,17:09,09:35,Bethany Cooper,Cultural author amount difference middle.
1996-11-17,Amanda Church,2019751,A-114,2387870839,bring,2,08:42,00:24,Amanda Church,Name significant try.
1973-09-24,Bethany Cooper,2021098,A-617,47642350,reason,7,04:59,03:48,Bethany Cooper,Lot age reduce each.
2020-10-24,Dr. Latoya Whitaker,2023286,A-166,4308793252,couple,2,14:10,04:31,Dr. Latoya Whitaker,Force window likely majority any too them.
2000-08-25,Alexa Miller,2018419,A-68,347368252,large,4,08:02,16:12,Alexa Miller,Agreement lot sell bad.
1987-12-20,Reginald Griffin DDS,2020204,A-703,3123956414,sound,7,12:47,01:32,Reginald Griffin DDS,Poor trial partner best discussion maybe describe.
1976-03-14,Johnny Blair,2019903,A-394,2366412041,allow,0,08:04,08:34,Johnny Blair,Return call million music thousand.
1990-10-08,Stephanie Patton,2020398,A-359,6404596033,dark,7,15:01,20:25,Stephanie Patton,Agreement rather energy step him technology will.
1994-04-14,Sherry Mccormick,2018704,A-412,9777623455,article,1,05:01,22:01,Sherry Mccormick,Region program add story.
1990-08-16,Diane Martinez,2019388,A-767,2429768113,last,8,14:35,01:09,Diane Martinez,Kid today two.
2019-08-06,Erica Bennett,2023180,A-813,7066250990,body,8,02:04,05:04,Erica Bennett,Floor hear system name.
2002-03-14,Tammy Green,2022886,A-833,5171868410,next,9,20:50,11:41,Tammy Green,American whatever whether land recent forward.
1983-10-12,Susan Sparks,2023685,A-851,338996029,arrive,2,18:30,14:31,Susan Sparks,Clear final image natural safe late.
2005-10-09,Brian Small MD,2024026,A-603,6298638757,television,4,07:21,22:38,Brian Small MD,Including his without.
1973-01-29,Joshua Mora,2023571,A-207,9380738166,company,5,17:22,15:26,Joshua Mora,Participant class receive.
1990-04-21,Craig Berry,2023108,A-479,4707696816,as,1,14:21,07:14,Craig Berry,Coach black suddenly worry race.
2014-02-07,James Horn,2021963,A-56,349114363,manager,8,15:38,18:00,James Horn,Trial listen Mrs building control table scene this.
2013-11-05,Jeremiah Wilson,2018669,A-828,9837528098,until,0,18:54,11:01,Jeremiah Wilson,Along realize head although million open.
1984-02-22,Emily Andersen,2019142,A-361,5217133733,then,4,12:31,08:00,Emily Andersen,Stage gas pull strategy choice.
2023-10-09,Felicia Henderson,2021587,A-592,5189474729,ground,2,23:23,05:25,Felicia Henderson,Keep PM foreign choose sister rich probably team.
1995-01-03,Terry Lewis,2020792,A-830,5958398328,owner,7,23:53,07:41,Terry Lewis,Bit seat federal gas better statement carry.
1971-03-15,Timothy Boyd,2021288,A-286,8140526450,movement,4,10:25,17:45,Timothy Boyd,Level fact policy peace service hold its build.
1984-12-29,Diane Martinez,2019388,A-575,2429768113,stop,5,23:18,08:28,Diane Martinez,Feeling prevent since just.
2022-03-20,Katherine Kelly,2019723,A-669,5195734867,practice,9,14:25,18:03,Katherine Kelly,Yard country community film edge home much.
1987-05-09,Christopher Francis,2019180,A-545,4736794651,water,2,06:55,17:14,Christopher Francis,Say success production throughout no job itself.
1983-10-13,Brian Brooks,2021008,A-326,1618005960,just,2,17:55,11:33,Brian Brooks,Common last end hand between office south.
2015-10-21,Gina Gillespie,2018927,A-741,6469206679,president,7,14:34,13:24,Gina Gillespie,High may read assume.
1982-11-05,Amanda Church,2019751,A-162,2387870839,sell,9,11:10,01:05,Amanda Church,Range question authority wonder tend moment dinner.
1978-08-08,Mark Henson,2022935,A-629,3208968553,risk,6,05:23,11:36,Mark Henson,Learn glass list maintain billion they list.
1978-11-03,Christopher Francis,2019180,A-49,4736794651,land,7,10:03,18:41,Christopher Francis,Answer plant television action recent.
1970-03-26,James Andersen,2018297,A-535,5461119879,also,0,16:31,13:34,James Andersen,Cover three spring later southern.
1984-09-22,Jennifer Jones,2018819,A-372,2296891122,small,0,10:45,19:29,Jennifer Jones,Can office development list including capital yard.
1988-05-12,Johnny Blair,2019903,A-672,2366412041,night,6,05:41,01:36,Johnny Blair,Black country able rock alone.
2019-04-16,Noah Vasquez,2024107,A-808,5812769976,three,8,19:18,07:13,Noah Vasquez,Maybe on talk early if home daughter.
2014-02-02,Tina Phillips,2020891,A-758,6461687461,challenge,0,10:21,11:45,Tina Phillips,Their weight mention trip.
2014-06-22,Katherine Kelly,2019723,A-489,5195734867,before,4,04:07,22:00,Katherine Kelly,Finish nice many.
1987-12-23,Peter Harris,2023437,A-724,8375402106,their,0,11:06,06:06,Peter Harris,Mother both as appear politics American right.
2009-10-30,James Horn,2021963,A-221,349114363,someone,7,13:09,10:46,James Horn,Beat cultural majority minute possible very shake this.
2012-12-02,Tiffany Ramos,2021541,A-211,4679420590,along,9,14:30,20:56,Tiffany Ramos,Experience model must represent lead senior water with.
1988-11-16,Tiffany Ramos,2021541,A-55,4679420590,nice,8,20:32,03:32,Tiffany Ramos,Between stock type station wait tree have.
2018-03-08,Joshua Henry,2021705,A-207,8674438358,series,3,03:47,23:31,Joshua Henry,Rule follow finally reach education increase media trial.
2014-12-06,Mr. James Garcia,2022559,A-790,7548410583,national,4,16:56,11:27,Mr. James Garcia,Everyone marriage together how its Mrs body human.
1998-10-01,Kimberly Henderson,2021686,A-757,4950606144,research,9,03:19,20:42,Kimberly Henderson,Play thus remember prepare Mr.
1986-08-09,Kimberly Henderson,2021686,A-866,4950606144,miss,1,02:56,01:24,Kimberly Henderson,Air lot any today hold.
2022-02-11,Amanda Church,2019751,A-708,2387870839,oil,9,04:24,18:21,Amanda Church,Say over culture important receive environmental old.
2007-10-25,Felicia Henderson,2021587,A-712,5189474729,everybody,2,21:39,03:10,Felicia Henderson,Huge picture chair quality.
1988-04-17,Alexa Miller,2018419,A-270,347368252,computer,4,12:46,04:31,Alexa Miller,Method join past likely.
1999-10-04,Brian Small MD,2024026,A-724,6298638757,book,1,17:31,21:43,Brian Small MD,Nation American four.
1991-08-13,Steven Barrett,2018047,A-348,4721238564,win,7,22:47,12:26,Steven Barrett,Upon writer expert great best lawyer challenge behavior.
2016-11-28,Allison Warren,2019863,A-980,8761404690,rise,9,13:16,16:07,Allison Warren,Else hair marriage leave threat tough.
2021-04-24,Susan Sparks,2023685,A-306,338996029,answer,9,02:19,22:47,Susan Sparks,Eat you least growth sea.
1996-05-29,Reginald Griffin DDS,2020204,A-988,3123956414,series,7,12:53,01:35,Reginald Griffin DDS,Later town Democrat area month eat along coach.
2008-07-05,Patricia Marshall,2018367,A-610,3701283629,fast,9,15:17,15:21,Patricia Marshall,Enjoy should scene court firm determine painting face.
2008-12-17,Diane Martinez,2019388,A-209,2429768113,local,2,05:26,15:31,Diane Martinez,Skill operation majority.
2000-01-20,Timothy Boyd,2021288,A-649,8140526450,traditional,1,12:19,06:36,Timothy Boyd,Eye task beautiful region.
1989-10-11,Cynthia Simmons,2021343,A-63,7087867601,either,2,08:41,16:42,Cynthia Simmons,Ever serve than tree four material three physical.
1990-06-23,Matthew Jarvis,2024867,A-140,6663525866,mouth,3,01:21,08:34,Matthew Jarvis,Off that those pick affect.
2001-12-23,Tina Phillips,2020891,A-177,6461687461,stuff,6,22:04,19:52,Tina Phillips,Above common human important American onto cell.
2020-10-08,James Glover,2023296,A-458,7420847170,recently,6,09:24,01:59,James Glover,Important skin letter.
1975-06-15,Marco Bird,2019634,A-137,1608988126,sea,5,14:04,07:43,Marco Bird,Speech surface mean light.
1982-09-09,Cynthia Simmons,2021343,A-444,7087867601,with,0,14:51,17:32,Cynthia Simmons,That machine by production room minute fear she.
1981-10-12,Marcus Snyder,2019718,A-614,2614763861,opportunity,6,20:02,01:44,Marcus Snyder,Show see season.
2003-06-13,Gina Gillespie,2018927,A-908,6469206679,nation,0,22:38,10:13,Gina Gillespie,College get chair of foot.
1972-02-03,Jennifer Jones,2018819,A-706,2296891122,resource,6,03:55,21:34,Jennifer Jones,Certainly worry fast including value list.
1980-12-12,Craig Berry,2023108,A-972,4707696816,economy,0,20:53,06:54,Craig Berry,Involve but writer what with power need.
1979-01-08,Brian Small MD,2024026,A-903,6298638757,pattern,6,05:22,14:09,Brian Small MD,Then maybe style outside until before skin enter.
2010-10-27,Christopher Francis,2019180,A-513,4736794651,every,7,15:07,03:01,Christopher Francis,Let provide decade buy as matter.
1999-06-13,James Andersen,2018297,A-153,5461119879,well,0,17:07,10:30,James Andersen,Audience spend ever other always but center.
2008-11-23,Amanda Church,2019751,A-885,2387870839,another,2,09:01,05:27,Amanda Church,Cell between commercial force herself these.
1983-05-08,Kathleen Brady,2023862,A-757,5765300668,want,3,23:25,03:09,Kathleen Brady,Address among represent catch per poor.
1980-02-02,Alex Gamble,2019105,A-766,6648265031,benefit,2,05:18,13:21,Alex Gamble,Stay nearly about stage.
2019-08-21,Nicholas Kelly,2023972,A-677,9253721535,marriage,9,19:33,09:26,Nicholas Kelly,Step hair no hear such of.
1994-11-16,Dr. Latoya Whitaker,2023286,A-663,4308793252,serious,9,23:48,08:55,Dr. Latoya Whitaker,Challenge idea fish.
2015-02-11,Rachel Peters,2019016,A-197,2615824181,project,0,02:16,00:33,Rachel Peters,However who among.
1998-09-02,Nicholas Kelly,2023972,A-161,9253721535,decision,4,21:54,03:24,Nicholas Kelly,Image care stock worker study health.
1977-10-15,Thomas Palmer,2021934,A-549,3153654181,include,0,04:41,13:15,Thomas Palmer,Rate exist station particularly.
1981-04-09,Samuel Harvey,2024580,A-374,6425873580,large,1,02:01,19:06,Samuel Harvey,Money else however production.
2008-01-18,James Glover,2023296,A-368,7420847170,sister,9,16:43,06:43,James Glover,Off simple politics.
2022-01-06,Bethany Cooper,2021098,A-756,47642350,almost,6,04:12,00:19,Bethany Cooper,Kitchen herself investment floor debate economic.
1991-08-16,Anita Calhoun,2020631,A-822,7755713277,relationship,9,18:00,01:33,Anita Calhoun,Tonight blue produce wish Mrs.
1982-06-18,Ryan Salazar,2023540,A-920,788824731,radio,3,13:12,00:09,Ryan Salazar,Respond theory case great responsibility speech international.
2010-07-17,Allison Warren,2019863,A-831,8761404690,raise,4,15:49,00:53,Allison Warren,Hair raise whom member decide chance technology.
