Date,Name,Roll No,Room No,Contact,Equipment,Time,Remarks
1982-03-07,Catherine Robertson,2023554,A-680,2257844427,admit,22:48,Conference peace instead score music office four edge.
2015-05-10,James Harrington,2021162,A-174,9360863605,beyond,13:21,Memory expect rest southern certain call.
2001-09-22,Jenny Morris,2018734,A-536,138069207,hold,16:08,Word minute sport hope consumer though cause.
1994-09-29,Joel Foster,2018368,A-559,8922806301,cell,15:12,Pattern course picture market side right point.
2020-08-24,Taylor Powell,2019472,A-953,1942937342,free,17:58,Rather house exist material.
1989-04-15,Bonnie Shields,2019565,A-634,7965506153,its,14:35,Thousand defense person card try so never.
2010-07-29,Rebecca Patel,2024100,A-263,9574663341,hospital,04:06,Yourself night way evening law.
2013-06-19,Mr. William Figueroa,2019533,A-521,1383758668,behind,23:03,Just that set new pressure anyone drop concern.
1975-04-29,Debbie Mueller,2022909,A-286,5954837665,test,23:34,Near yeah lawyer friend senior develop name change.
1998-03-29,Allison Sexton,2024427,A-756,5963410654,fill,18:29,Throughout major consider sound tonight voice.
2000-05-16,Catherine Robertson,2023554,A-106,2257844427,hold,17:18,Picture last send thank few glass.
1972-07-07,Robin Arnold,2020906,A-839,4835177893,series,10:05,Tell economic reach pretty few.
2021-09-16,Kristen Parker,2023627,A-233,1770326782,time,19:10,Concern act trip.
1979-11-17,Tammy Long,2020392,A-244,8451013159,where,03:09,Set term night find such while.
2007-03-25,Antonio Barrera DDS,2020818,A-581,8189901479,field,07:08,Lot door draw plant people talk.
1998-03-03,Roy Charles,2018473,A-349,3196356419,these,23:57,Democrat much they debate red ground.
1975-10-27,Anthony Wang,2022399,A-302,5267477810,drive,03:20,Wall issue attack represent.
1976-06-30,Jonathan Nicholson,2018544,A-490,2235939798,tell,02:34,Two and much miss final.
1973-09-19,Rachel Owens,2019956,A-504,9350404087,quality,08:39,Still run color specific way want information.
2012-11-03,Michael Cruz,2022633,A-165,26337740,son,00:49,Left along turn just defense certainly article.
2013-07-11,Kevin Carter,2019513,A-235,4664623958,shake,10:15,Science remain foot different.
2014-08-06,Michael Miller,2020362,A-404,8463437277,beat,10:00,Perhaps provide personal.
2014-11-08,Robert Nichols,2018499,A-853,802406081,discuss,01:55,Glass full economic turn.
2004-10-06,Mrs. Brenda Jones,2023507,A-943,5398378380,city,10:02,Begin myself college social will throughout pull.
2010-12-08,Samantha Cruz,2019116,A-906,9281409072,bill,03:33,Beautiful job study stay case former think.
1993-05-27,Jessica Ortega,2021043,A-786,2830754244,late,14:15,Herself cultural new father control likely interesting.
1994-06-24,Timothy Walsh,2018322,A-116,3719243746,happy,18:29,Town firm exist go reality result unit.
1988-06-26,Thomas Romero,2019127,A-742,6641474194,official,23:51,Particular television sing name.
1985-02-02,Sharon Jordan,2020284,A-577,2416774195,throughout,17:06,Resource these behind company leader goal TV partner.
1983-12-22,Richard Ramos,2023919,A-619,4139927092,amount,23:24,Along open indicate wrong get miss different.
2016-01-13,Lawrence Zamora,2019549,A-914,4750802115,trouble,14:28,Agreement decide threat accept prevent much window.
1994-06-04,Dale Flowers,2022120,A-970,9864340999,heart,08:12,Month natural join stay now star.
1987-09-18,Donald Rodriguez,2024461,A-387,5571809016,look,21:22,Very discuss grow prepare most.
2006-01-27,Mr. William Figueroa,2019533,A-858,1383758668,water,18:35,Beyond indicate myself part economy notice natural.
2016-05-28,Aaron Snyder,2023313,A-499,9881214572,war,23:06,Here yard seven turn fight wish enter.
1994-09-08,Elijah Lawrence,2023821,A-966,1791867144,itself,07:50,Movement figure could officer.
2013-01-10,Latasha Johnson,2020486,A-432,129505493,institution,01:02,Six drive weight according last feeling.
1991-03-03,Joseph Callahan,2020349,A-990,9046678558,about,22:42,Close reduce argue likely.
2015-04-27,Amber Valentine,2022262,A-219,6292152963,protect,10:19,Side movie just early hit.
2003-10-11,Larry Leon,2022852,A-576,8827100756,read,06:20,Education attention rate glass letter student source.
2023-07-25,Richard Castro,2019772,A-138,5630052103,prove,08:07,Benefit sister stage like without region under.
1990-07-29,Sarah Robertson,2020148,A-212,293540867,field,19:40,Happy first sound like space ready.
1971-04-07,Jason Hall,2024044,A-769,7339647442,college,01:19,Security debate arrive other direction executive often.
1982-07-12,Stephanie Miller,2023092,A-278,2303964505,reality,12:13,Think rule management light authority age member.
1981-02-10,Anthony Harris,2022534,A-793,3879796127,form,06:45,My near court call set case guess.
1997-09-23,Rachel Owens,2019956,A-728,9350404087,computer,18:08,Poor he tax center debate when or significant.
2012-08-02,John Mccoy,2023793,A-133,5459639467,within,16:20,No gas whose sure.
1977-11-19,Debbie Mueller,2022909,A-778,5954837665,program,00:09,College create toward your idea serve smile.
1996-09-03,Seth Mathews,2023521,A-438,294026614,lot,13:40,With could form provide environment.
1977-05-08,Jennifer Avila,2020047,A-564,5206789703,artist,09:04,Direction card owner major.
2000-10-20,Jasmine Smith,2023710,A-226,3262573187,bring,16:06,Myself accept child rule.
2021-02-12,Dawn Sanchez,2024589,A-890,5002180716,admit,07:07,View catch whole international economy third successful.
2014-04-23,Steven Erickson,2023925,A-69,265655963,partner,22:15,Find feeling share enjoy every.
1996-03-28,Taylor Powell,2019472,A-746,1942937342,least,15:47,Protect control year machine.
1994-06-07,Jay Day,2022752,A-134,7898844803,window,12:40,Best should film.
2021-11-14,Anthony Wang,2022399,A-120,5267477810,seem,03:44,Southern somebody our civil.
1983-08-23,Elijah Lawrence,2023821,A-390,1791867144,image,11:34,Very building begin line little.
2011-08-02,Rachel Owens,2019956,A-802,9350404087,contain,02:54,Open behind state also professor amount.
1977-11-20,Sharon Jordan,2020284,A-18,2416774195,because,04:39,Industry or action Mrs cultural.
1972-07-17,Latasha Johnson,2020486,A-334,129505493,long,10:48,College bag explain number develop space.
1972-03-02,Tiffany Wilson MD,2020943,A-947,5039624122,look,10:32,Though character police kitchen family.
1978-05-18,Steven Erickson,2023925,A-628,265655963,place,11:45,Agent else either place.
2023-09-11,Debbie Mueller,2022909,A-269,5954837665,imagine,14:18,Media could color trial.
2000-08-27,Cassandra Mitchell,2020719,A-399,8433160381,still,22:12,The full glass couple.
1985-02-10,Sandra Foster,2024406,A-52,5260647374,that,22:45,Already agree view foreign prove various program.
2011-04-08,Johnny Cox,2023884,A-226,2375436492,recent,20:48,Science everyone fine important draw from health within.
2012-10-31,Jeff Anderson,2021078,A-43,3588093238,tell,05:08,Think security baby move.
1978-01-17,Debbie Mueller,2022909,A-271,5954837665,various,23:04,Who somebody ever draw.
1994-10-05,Thomas Romero,2019127,A-605,6641474194,season,08:35,Go yard tonight address almost fish.
1974-10-21,Alyssa Luna,2021690,A-391,5830071966,difficult,15:53,Baby all least budget.
2006-11-23,Jay Day,2022752,A-789,7898844803,remember,09:59,Lose it free than student participant.
1991-04-17,Connie Dawson,2022250,A-408,5825976819,expect,02:36,Dinner wall eat prepare development size carry.
1992-05-07,Victor Miller,2020592,A-455,4581038910,any,02:31,Mention town to ahead range.
2016-04-27,Tiffany Wilson MD,2020943,A-717,5039624122,off,03:15,Order he soon fire.
2003-10-18,Samantha Cruz,2019116,A-477,9281409072,know,22:18,Sport cultural though affect senior Republican.
1973-08-06,Sharon Jordan,2020284,A-820,2416774195,reach,11:29,Meeting house fear power certain if music.
2010-01-20,Ashley Johnson,2023606,A-268,4896239378,prepare,22:44,Art discussion ahead story treatment stock.
1972-06-30,Tammy Long,2020392,A-812,8451013159,company,07:47,Large however water other true certainly.
1991-07-27,Taylor Powell,2019472,A-761,1942937342,part,06:18,Often media even concern our treat painting.
1994-02-26,Mary Perkins,2019161,A-479,4617887262,painting,16:01,May campaign federal.
2014-01-23,Wendy Lara,2018213,A-528,3737137821,realize,01:55,Reason how receive sure.
1999-03-12,Mr. William Figueroa,2019533,A-101,1383758668,arm,20:42,Message successful eye type final organization.
1981-05-03,Eric Jones,2024136,A-862,8242265129,body,05:49,Space owner grow direction old prepare action.
1987-12-25,Jasmine Smith,2023710,A-207,3262573187,term,12:25,Several rock glass green which.
1977-08-15,Scott Goodman,2020781,A-993,6119922962,bed,22:06,Child compare free laugh institution on.
1977-06-18,Christopher Miller,2019202,A-420,7940769662,somebody,14:30,Condition property spend read follow agree.
2012-03-12,Aaron Snyder,2023313,A-319,9881214572,argue,05:33,Lay plan board foreign hit short.
1986-02-22,Jason Hall,2024044,A-680,7339647442,when,23:20,Hope attack performance.
1984-05-27,Laura Reese,2022198,A-555,891717848,painting,10:29,They service month thus real.
1984-12-17,Anthony Harris,2022534,A-863,3879796127,team,17:05,Cost similar college kind statement collection truth.
2008-08-03,Allison Sexton,2024427,A-4,5963410654,perform,00:42,Watch court I.
2011-01-27,Michael Miller,2020362,A-543,8463437277,cost,03:51,Others idea poor course.
1979-10-06,Antonio Barrera DDS,2020818,A-72,8189901479,he,18:41,Take suggest edge author.
2003-04-22,Michael Baird,2020380,A-410,4204137951,ability,06:43,Chair job minute future.
2000-05-08,Margaret Henry,2018978,A-243,9004813592,good,11:19,Number cost stay.
2011-08-14,Elizabeth Benjamin,2020430,A-649,684098924,shoulder,17:14,Nature decision discussion image place still success.
1973-04-22,Eric Jones,2024136,A-361,8242265129,image,00:21,Behavior east think industry manage.
2011-06-24,Tammy Long,2020392,A-530,8451013159,yard,04:23,Put staff new thank past will.
2015-10-03,Randy Mays,2024880,A-270,7455309632,building,17:59,Prevent act break.
1974-11-03,Rebecca Patel,2024100,A-224,9574663341,final,17:51,Ok and back citizen do professional they.
