Date,Name,Contact,Out Time,Roll No,Room No,To Address,Return Time,Return Date,Signature,Security Signature
1997-05-04,Jeremy Garcia,6431362794,02:17:28,2021050,A-275,"9175 Buchanan Dam
Amandaville, AL 22331",22:49:49,1973-08-28,Jeremy Garcia,Sally Monroe
1986-08-01,Rhonda Collier,7418492995,03:31:59,2019057,A-632,"3658 Angela Locks
Kimshire, MO 39050",22:45:00,2002-11-22,Rhonda Collier,Bethany Rodriguez
1992-09-13,Madison Rojas,2578957188,03:37:31,2024015,A-760,"0112 Heather Track Apt. 897
South Jeremy, CA 39106",19:14:58,2005-02-20,Madison Rojas,Stephanie Burns
2016-05-29,Kelly Davis,8960777375,11:47:09,2020095,A-947,"2549 Steven Squares
Soniaport, VA 21035",00:21:53,2013-04-01,Kelly Davis,Rhonda Peterson
1972-06-12,Candice Davis,6174512393,17:36:33,2019094,A-576,"07432 Martin Groves Apt. 796
Lake Joshua, MT 44408",11:33:40,2015-09-08,Candice Davis,Ronald Olson
2018-04-17,Christopher Barron,4470839656,17:26:06,2019056,A-631,"92632 Kevin Ridge
North Dana, ME 36059",14:15:17,1997-02-03,Christopher Barron,Pamela Archer
1976-05-08,Carl Scott,4095995459,02:17:41,2020023,A-603,"34897 Joseph Lights Suite 494
Mirandamouth, CT 33171",12:30:18,2013-08-19,Carl Scott,Marcus Stein
1973-11-30,Jessica Good,3225364921,14:02:34,2024086,A-136,"PSC 9141, Box 7782
APO AA 54197",12:07:29,2007-01-07,Jessica Good,Amy Hart
2000-12-19,Kelly Moyer,171381504,05:08:18,2019056,A-927,"74550 Alexander Landing
North Jilltown, AK 28308",15:09:35,1973-02-26,Kelly Moyer,Julia Lawrence
2018-04-08,Julie Gilbert,5962705459,18:55:50,2018067,A-608,"48126 Gillespie Island Apt. 935
East Derrick, FM 52710",11:49:18,1982-07-04,Julie Gilbert,Aaron Johnson
2013-09-22,Elizabeth Diaz,5049853485,18:51:59,2023070,A-745,"9887 Lee Lights
Garzaville, NC 30438",16:15:32,1979-06-20,Elizabeth Diaz,Stephen Hernandez
1978-02-08,Jessica Good,3225364921,10:18:55,2021082,A-475,"2433 Jenna Plaza Apt. 280
South Rogerside, MT 45933",21:15:35,1985-06-20,Jessica Good,Kathleen Wilson
1986-12-20,Alison Flores,174359192,14:34:51,2019012,A-300,"097 Jeffrey Square Apt. 859
Carsonburgh, IL 35542",17:21:14,1999-02-18,Alison Flores,Eric Scott
2010-11-28,Heather Gentry DVM,4704683726,08:29:46,2023004,A-806,"1809 Sara Road Apt. 605
Joneshaven, ND 49045",10:36:45,2022-05-03,Heather Gentry DVM,Robert Martinez
2014-03-14,Brandon Gonzales,3807611105,19:39:35,2018002,A-323,"3495 Catherine Radial Apt. 497
Thomasview, WI 95035",20:06:23,2010-12-12,Brandon Gonzales,Shannon Coleman
1980-03-03,Derek Benjamin,3048363445,00:41:29,2021003,A-132,"USCGC Ortiz
FPO AE 54903",16:39:40,2003-01-26,Derek Benjamin,Scott Pena
1991-08-23,Patrick Williams,5033372769,18:53:18,2021076,A-355,"399 Amber Cape
South Kenneth, FL 52246",11:48:21,1976-04-10,Patrick Williams,Olivia Reid
1983-02-01,Charles Miller,1827211734,01:45:49,2022062,A-195,"92400 Jones Stravenue
New Jesus, OK 47952",14:08:11,1982-05-16,Charles Miller,Corey Barrera
1985-09-21,William Berry,597843749,00:13:30,2019058,A-650,"069 West Canyon Suite 565
South Stephanie, ME 34428",09:53:38,1981-04-25,William Berry,Emily Wilson
1982-04-21,Audrey Arias,7917371575,17:07:01,2020019,A-515,"760 Frank Crossing
Martinshire, GU 75887",16:24:49,1980-12-19,Audrey Arias,John Pittman
2001-01-04,Hailey Harris,8486077601,00:11:52,2018091,A-451,"Unit 9145 Box 8100
DPO AP 47412",17:07:39,1981-08-09,Hailey Harris,Timothy Lawson
2012-06-16,Kelly Moyer,171381504,04:01:42,2018078,A-729,"9706 Carlos Mountains
Johnathanton, WY 84683",05:02:05,1984-10-29,Kelly Moyer,Steven Hubbard
2016-03-16,Robert Green,6794816098,05:47:29,2020020,A-828,"64087 Graham Rue Suite 568
Lake Amanda, ME 32010",20:11:28,2008-11-01,Robert Green,Mark Gonzalez
1970-08-03,Derek Benjamin,3048363445,20:38:08,2023054,A-563,"56589 Ortiz Fields Suite 533
Edwardshaven, NH 98058",01:44:04,1972-02-19,Derek Benjamin,Mark Hardy
2013-10-13,Trevor Hensley,1983494296,09:35:08,2020017,A-868,"45450 Blake Lock Apt. 522
East Kristihaven, AL 26294",20:29:45,2000-06-13,Trevor Hensley,Jeanette Wyatt
2020-01-04,Stephanie Campbell,9862111474,17:05:56,2020087,A-913,"09178 Weber Shoals Suite 815
Batesburgh, MO 55973",21:38:43,2001-03-31,Stephanie Campbell,Bruce Wiley
2012-12-11,Michael Fisher,1682035895,00:03:53,2020040,A-531,"8807 Raymond Mews
East Anthonychester, IL 20393",14:44:52,1993-05-31,Michael Fisher,Joan Powell
1998-02-24,Kevin Garcia,732488687,12:32:36,2024086,A-437,"716 Suarez Lodge Suite 840
Lake Brian, NH 48114",04:01:28,2003-07-05,Kevin Garcia,Brent Adams
1970-09-19,Jeremy Garcia,6431362794,16:37:35,2020095,A-415,"299 Thomas Row
Murphyborough, AR 98050",17:16:29,1999-08-15,Jeremy Garcia,Julia Lucas
2013-04-29,Jessica Good,3225364921,14:44:26,2021029,A-852,"247 Davis Manors Apt. 098
North Edwardland, AZ 51571",08:56:43,2008-04-12,Jessica Good,Corey Moore
2015-10-15,Heather Gentry DVM,4704683726,23:33:17,2021029,A-141,"7771 Farmer Island Suite 047
New Laura, KS 24212",14:33:19,2018-04-12,Heather Gentry DVM,James Barnett
1997-12-20,Sheryl Nelson,2167531256,22:58:46,2024044,A-5,"6212 Dawn Island Apt. 427
Andrealand, MA 65627",09:09:57,2016-11-06,Sheryl Nelson,Matthew Perez
2016-09-04,Kevin Garcia,732488687,19:00:15,2019012,A-265,"44214 Jonathan Union Apt. 904
Kelleymouth, MH 66611",23:35:26,1976-05-12,Kevin Garcia,Dillon Boyd
2011-07-14,Christopher Scott,3817499253,06:37:37,2023025,A-358,"449 Alexandra Fork
Johnsonbury, PA 71766",12:21:17,2018-09-02,Christopher Scott,Dana Baker
2000-11-24,Adam Rhodes,917334391,22:07:38,2022016,A-250,"989 Rogers Well
South Dustinfort, LA 58397",01:59:26,1982-06-03,Adam Rhodes,Brandy Allen
2021-10-01,Valerie Bell,2040041728,19:33:19,2020041,A-371,"PSC 0950, Box 8306
APO AP 65689",05:42:58,1985-02-21,Valerie Bell,Wesley Smith
2017-02-12,Valerie Bell,2040041728,00:25:03,2024011,A-644,"798 Wendy Canyon Apt. 133
Henryhaven, AZ 32433",02:39:47,2006-04-13,Valerie Bell,Brenda Russell
1992-03-18,Michael Rodriguez,3544059125,23:20:45,2020019,A-982,"3933 Johnson Forks Apt. 042
Marymouth, AS 53212",15:21:05,1988-04-03,Michael Rodriguez,Anna Owens
2014-12-16,Jeremy Garcia,6431362794,06:32:29,2022048,A-620,"0839 Anne Bypass
Lunaland, PR 27508",13:20:18,1971-04-18,Jeremy Garcia,Jessica Gonzales
2014-01-28,Tammy Gentry,6850261241,10:34:50,2019026,A-622,"68008 Jones Junctions Apt. 084
Maryberg, LA 47477",19:24:18,1974-10-19,Tammy Gentry,Heather Simpson
1985-07-01,Angela Williams,670908984,14:07:14,2019058,A-54,"382 Steven Trail Apt. 476
Perezfurt, MS 37395",13:20:52,2003-12-15,Angela Williams,Gwendolyn Stewart
2000-12-06,Brandon Gonzales,3807611105,02:00:19,2021008,A-96,"67518 Herrera Row Apt. 993
Richardstad, TN 95186",22:53:14,1981-11-18,Brandon Gonzales,Raymond Morales
1971-02-16,Linda Weaver,7724497171,00:44:50,2020006,A-227,"1056 Ricky Branch
Myersport, AZ 93089",00:35:28,2008-01-14,Linda Weaver,Erika Smith
2013-11-03,Tracey Escobar,8712922730,21:57:01,2021076,A-322,"446 Anna Crossroad Suite 328
Port Sherriberg, KS 47652",13:15:40,1984-07-16,Tracey Escobar,Brian Conley
1975-09-13,Kim Porter,5780162307,19:11:49,2018067,A-671,"3341 Miller Parkways Suite 765
Seanmouth, TX 37129",06:52:46,1972-04-28,Kim Porter,Mark Bradley
1980-05-12,Natalie Mendez,5478423435,10:01:48,2022068,A-414,"068 Sarah Springs
Mooreport, VA 54164",02:39:28,2014-11-08,Natalie Mendez,Danielle Jones
2005-04-02,Kyle Rubio,5304041910,03:49:03,2019013,A-57,"5384 Cowan Light
Port Charlottemouth, WV 45631",20:06:43,2023-07-06,Kyle Rubio,Christine Guerra
1991-06-27,Alison Flores,174359192,01:27:28,2024051,A-488,"PSC 8303, Box 9111
APO AP 26569",20:24:04,1996-10-01,Alison Flores,Rebecca Oneill
1992-03-08,Christopher Barron,4470839656,06:39:57,2024044,A-807,"720 Shawn Pine Apt. 831
West Derek, MH 92336",10:23:52,1992-09-05,Christopher Barron,Sabrina Lopez
1974-07-31,Jennifer Williams,6427358254,21:39:58,2019056,A-237,"85071 Harris Manors
West Todd, ND 30814",17:52:56,2000-04-08,Jennifer Williams,Alexandria Brooks
2023-02-26,Jeanne Wood,1556107529,03:39:25,2024051,A-4,"PSC 3462, Box 1917
APO AP 64214",13:38:53,1987-12-15,Jeanne Wood,Laura Johnson
1974-01-05,Tracey Escobar,8712922730,21:56:14,2020079,A-760,"775 Jackson Forges
Kelleychester, NC 05748",23:29:30,1978-07-05,Tracey Escobar,Gina Johnson
1982-10-08,Ricky Bates,114559772,05:51:31,2019026,A-46,"458 Joseph Shoals Suite 270
Montgomeryville, ME 80870",10:40:39,2000-06-12,Ricky Bates,Jessica Johnson
2015-04-15,Carl Scott,4095995459,03:07:31,2024039,A-260,"2687 Tina Mount Apt. 502
North Kimberlyfurt, WY 03211",01:24:26,2013-06-12,Carl Scott,Stephanie Young
2010-12-17,Robert Green,6794816098,20:41:48,2018002,A-935,"7766 Guzman Unions Suite 943
Burkeland, WA 14764",08:42:17,2009-10-21,Robert Green,Jessica Suarez
2012-09-14,Jennifer Williams,6427358254,04:52:47,2019038,A-516,"92309 Smith Knolls
East Jennifertown, NE 05191",00:42:38,1972-07-12,Jennifer Williams,April Gardner
1970-08-18,Jessica Good,3225364921,03:08:55,2022048,A-859,"95669 Kim Throughway Apt. 469
West Daniel, ME 81944",22:44:55,2019-01-04,Jessica Good,Amanda Harrison
2009-02-16,Jennifer Smith,7217450423,14:49:24,2019021,A-29,"66666 Matthew Stravenue
Garciaburgh, DE 77331",03:08:42,2010-04-15,Jennifer Smith,Michael Davis
1976-05-09,Jennifer Williams,6427358254,14:14:12,2022062,A-468,"0709 Adams Spring
South Javier, NV 58342",01:11:28,2021-12-15,Jennifer Williams,Candace Cox
1997-10-22,Melissa Williams,7492702068,05:06:06,2019021,A-953,"655 Martin Rue
North Jeffreyborough, RI 85871",17:23:34,2001-12-23,Melissa Williams,Vicki Brady
2003-03-15,Jennifer Williams,6427358254,23:48:25,2024066,A-602,"60753 Danielle Landing Apt. 707
North Alanborough, PR 48711",16:01:45,2016-08-31,Jennifer Williams,David Miller
2002-02-26,Valerie Bell,2040041728,05:42:18,2019012,A-149,"0974 Megan Circles
East Timothy, NV 21100",03:03:55,1972-07-08,Valerie Bell,Kimberly Mclaughlin
2017-05-12,David Bridges,8198027106,11:27:11,2022065,A-609,"807 Mason Prairie Suite 563
Angelamouth, AR 17421",01:01:42,1972-06-06,David Bridges,Taylor Herrera
1972-11-30,David Bridges,8198027106,15:03:36,2018043,A-281,"446 Smith Mountain Suite 483
Jasonview, SD 88151",22:52:47,1997-05-13,David Bridges,Victoria Heath
1984-12-12,Sheryl Nelson,2167531256,09:38:19,2021089,A-615,"49114 Emily Centers Suite 469
Ralphland, AK 52009",00:43:43,1972-11-17,Sheryl Nelson,Michael Cooper
1978-12-05,Brandon Gonzales,3807611105,14:52:02,2019012,A-685,"56769 Tanya Junction Suite 370
Mooreville, VT 02496",07:23:19,1979-04-05,Brandon Gonzales,Dawn Garner
1994-09-06,Tony Lane,9321925048,15:13:01,2022037,A-41,"Unit 0839 Box 8906
DPO AA 53796",22:33:04,2006-06-04,Tony Lane,Carla West
1976-08-24,Robert Decker,7419489195,22:14:10,2022062,A-15,"4770 Cervantes Walks Suite 318
Jonesshire, NE 77109",18:53:25,2014-03-15,Robert Decker,Samantha Johnson
2021-08-04,Julie Gilbert,5962705459,18:26:39,2024035,A-408,"4005 Diana Square Suite 376
Boydstad, AZ 60455",21:08:44,1974-08-02,Julie Gilbert,Christina Hunt
1987-06-02,Linda Weaver,7724497171,05:21:16,2024035,A-835,"925 Ortiz Pike Suite 804
Langville, GU 46324",17:32:24,2012-06-08,Linda Weaver,James Davis
2005-06-15,Audrey Arias,7917371575,14:24:55,2021050,A-196,"35442 Hart Mountains
North Donna, HI 41646",06:12:32,2007-04-14,Audrey Arias,Elizabeth Shepherd
1977-11-28,Kim Porter,5780162307,10:47:12,2020040,A-813,"43461 Amy Greens Suite 920
Leachmouth, WV 86315",16:35:32,1990-04-04,Kim Porter,Jacqueline Fritz
2007-10-14,Carolyn Johnson,2090948100,12:20:56,2022048,A-527,"621 Jennifer Landing Apt. 599
Gordonland, SC 03602",06:37:09,2021-04-01,Carolyn Johnson,Michelle Robinson
2020-02-07,Rebecca Grimes,7618368148,10:56:08,2021029,A-602,"02564 Timothy Alley Suite 966
Lake Karen, NJ 08534",14:05:53,2000-12-11,Rebecca Grimes,Ann Dunn
1981-11-13,John Larson,5024147300,14:26:23,2022028,A-480,"2444 Mccullough Locks Apt. 413
East Rachel, NJ 70998",11:01:29,2017-06-26,John Larson,Kyle Fisher
1978-08-10,Jennifer Parker,3552589210,10:44:37,2022062,A-326,"PSC 8115, Box 2260
APO AE 96682",16:19:40,1988-04-04,Jennifer Parker,Michael Fitzgerald
1980-08-20,Samantha Reeves,8245379563,00:19:53,2020095,A-921,"USCGC Bradford
FPO AA 68832",02:41:35,2005-05-10,Samantha Reeves,Samantha Yang
1976-02-03,Veronica Williams,4138942728,05:01:53,2024066,A-736,"43333 Larry Curve
Lake Ian, KY 34565",00:47:03,1972-09-13,Veronica Williams,John Maldonado
2001-05-05,Michael Rodriguez,3544059125,04:23:19,2019060,A-343,"15326 Berry Trail
Dorothymouth, AK 12999",00:45:13,1972-10-31,Michael Rodriguez,Marc Dunlap
2014-11-18,Manuel Turner,7025614187,13:29:38,2023004,A-19,"24777 Kendra Squares
South Richardburgh, WY 67306",20:17:41,2017-10-09,Manuel Turner,Aaron Leonard
2006-01-25,Anthony Myers,2299742386,21:29:31,2024086,A-660,"16514 Arroyo Gateway
Lake Markport, AS 69821",20:53:39,1992-11-21,Anthony Myers,Deborah Wyatt
1992-01-07,Adam Rhodes,917334391,23:54:47,2022001,A-277,"127 Hunt Bridge
Port Coreyfort, IL 11597",11:05:40,1997-04-06,Adam Rhodes,Donna Roberson
1987-03-31,Stephanie Campbell,9862111474,21:06:53,2023007,A-233,"9438 Wagner Ridges Apt. 220
East Daniel, HI 38640",10:42:49,1972-09-22,Stephanie Campbell,Sherry Martin
1987-02-19,Melissa Williams,7492702068,20:09:33,2020052,A-877,"439 Munoz Brook Apt. 608
North Donna, GU 93261",18:41:55,1987-12-03,Melissa Williams,Matthew Harrison
1994-05-19,Brandon Gonzales,3807611105,00:39:25,2022034,A-158,"52942 Miller Oval
Port Steven, AL 02379",18:04:36,1993-10-10,Brandon Gonzales,Gerald Richards
1989-02-27,Robert Moran,858452631,06:20:02,2020095,A-586,"665 Kemp Park
Kimberlystad, SD 78085",21:25:02,1970-03-07,Robert Moran,Paul Holmes
1995-11-13,Taylor Patel,5888581112,04:49:11,2018091,A-142,"77757 Melissa Glens
Thomasland, GA 64165",21:09:16,1986-01-17,Taylor Patel,Adam Mcgrath
1991-01-04,Dylan Jones,2794929439,03:53:05,2018098,A-739,"221 Baker Isle
Woodwardland, HI 33000",08:03:53,2001-04-28,Dylan Jones,Alexander Hanson
2010-09-27,Sheryl Nelson,2167531256,04:08:55,2018014,A-305,"88573 Amanda Underpass
Port Andrew, VI 36347",17:17:34,2018-04-13,Sheryl Nelson,Matthew Ross
1989-03-28,Robert Moran,858452631,18:42:49,2020010,A-126,"0898 Hannah Rapids
Cortezton, DE 28706",15:47:50,2016-02-25,Robert Moran,Daniel Jensen
1997-04-30,Harold Webb,9910632838,10:24:25,2018067,A-455,"45624 Brewer Estates Suite 781
Danaview, LA 30191",14:12:43,2013-12-15,Harold Webb,William Lewis
1977-09-26,Veronica Williams,4138942728,21:18:34,2019056,A-487,"PSC 9906, Box 8095
APO AA 83785",21:08:05,2007-12-15,Veronica Williams,Brandon Underwood
2006-07-14,Sharon Yu DVM,5141815831,05:11:58,2023025,A-994,"400 Sean Harbors Apt. 763
Richmondberg, IA 64123",17:57:33,2001-05-08,Sharon Yu DVM,Janet Sanders
1998-07-17,Jeffrey Armstrong,965086727,18:04:44,2024044,A-992,"USNS Wilson
FPO AA 47491",20:45:09,2023-07-04,Jeffrey Armstrong,James Wright
1973-08-04,Christine Reed,1439924465,09:41:24,2024035,A-72,"972 Victoria Spurs
West Barbaraburgh, CT 25755",21:37:08,1999-12-01,Christine Reed,Lisa Hester
1981-01-17,Sherry Wells,9153924401,19:11:48,2021082,A-364,"371 Susan Cape Suite 711
West Jeffrey, OH 99736",07:42:54,2020-03-30,Sherry Wells,Pamela Harrison
2006-04-10,Julie Gilbert,5962705459,22:58:11,2022034,A-975,"99206 Johnson Trace Apt. 673
Burnettfort, WV 29729",12:58:24,2007-01-13,Julie Gilbert,Cheryl Clark
1990-11-22,Stephanie Bradford,9126558072,04:52:46,2018091,A-841,"9841 Michelle Trail Apt. 865
New Maryland, MS 51558",23:10:55,1985-09-07,Stephanie Bradford,Nicole Huynh
2007-11-06,Sharon Yu DVM,5141815831,20:10:18,2019021,A-929,"5422 Marissa Camp Apt. 560
South Arielborough, WY 87604",02:03:58,1970-04-24,Sharon Yu DVM,Gina Jones
1989-07-11,Veronica Williams,4138942728,13:32:48,2020010,A-316,"Unit 1135 Box 9776
DPO AE 75343",05:35:05,1971-04-10,Veronica Williams,Amber Graham
