Date,Time,Name,Contact No,Quantity,Medicine Name,Student Sign,Security Sign
2005-10-28,17:11,Charles Carson,2022089,8,bag,Charles Carson,Katherine Martin
1978-12-01,06:14,Diane Dunn,2022986,8,participant,Diane Dunn,James Navarro
2018-08-12,20:50,Raymond Hunter,2018851,9,meeting,Raymond Hunter,Mary Mills
1990-07-24,05:45,Kimberly Moore,2024088,3,time,Kimberly Moore,Amanda Montgomery
1998-03-22,08:39,Derek Pena,2019329,6,store,Derek Pena,Gina Jenkins
1978-03-18,21:05,Jenna Cruz,2024967,1,analysis,Jenna Cruz,Evan Gordon
1989-06-23,08:06,Jenna Cruz,2024967,4,bar,Jenna Cruz,Andrew Sims
2007-09-09,06:28,Sarah Palmer,2018329,1,food,Sarah Palmer,Monique Adams
2004-07-21,18:34,Joyce Phillips,2023182,2,agreement,Joyce Phillips,Sarah Taylor
1984-02-21,04:57,Tristan Bruce,2019316,1,happen,Tristan Bruce,Andrew Glenn
1993-07-17,07:45,Dennis Henderson,2022093,1,value,Dennis Henderson,Erica Bailey
2022-01-11,01:48,Dennis Henderson,2022093,1,keep,Dennis Henderson,Rebecca Fields
2003-12-18,15:09,Jacob Dawson,2020738,6,security,Jacob Dawson,Lori Moore
1989-08-19,01:53,Tyler Wallace,2021883,0,itself,Tyler Wallace,Jessica Phelps
1970-02-09,16:28,Jonathan Long,2024453,2,democratic,Jonathan Long,Joe Thomas
1986-07-17,23:33,Brooke Sutton,2020243,6,bar,Brooke Sutton,Matthew Lopez
1977-11-02,11:37,Richard Hardy,2024164,8,production,Richard Hardy,Eric Ramsey
1992-07-15,13:10,Jasmine Watson,2024406,0,other,Jasmine Watson,Nicholas White
1994-05-27,13:07,Melissa Mueller,2022434,1,try,Melissa Mueller,Thomas Everett
2013-05-12,15:07,Carolyn Harris,2022737,7,common,Carolyn Harris,Catherine Randolph
2001-04-13,15:40,Jenna Cruz,2024967,8,the,Jenna Cruz,Sandra Lynch
2015-10-23,02:53,Susan Robinson,2023465,3,civil,Susan Robinson,Sara Allen
2011-02-23,23:15,Stephanie Irwin,2022582,5,college,Stephanie Irwin,Stephanie Smith
1989-12-30,16:16,Jacob Dawson,2020738,4,matter,Jacob Dawson,Andre Douglas
1999-06-27,02:35,Amy Wright,2019878,4,item,Amy Wright,Connie Ford
1984-08-22,04:47,Amy Wright,2019878,0,seat,Amy Wright,Anthony Avila
2002-07-21,16:12,Nichole Garcia,2020129,8,life,Nichole Garcia,Michael Johnson
1987-04-22,14:58,Gabrielle Bartlett,2022330,4,institution,Gabrielle Bartlett,Lori Short
2018-03-21,13:08,Nicole Dodson,2020688,5,customer,Nicole Dodson,Jessica Nelson
1986-02-22,20:55,Zachary Washington,2023661,9,read,Zachary Washington,Maria Decker
1998-04-15,05:16,Charles Campbell,2023574,1,table,Charles Campbell,Karen Harris
1974-03-13,07:01,Mr. Cameron Hanna,2022436,7,central,Mr. Cameron Hanna,Michael Mcbride
2000-06-27,01:03,Melissa Perkins,2019030,2,fish,Melissa Perkins,Isabella Mckenzie
1996-11-12,01:44,Mr. Cameron Hanna,2022436,5,media,Mr. Cameron Hanna,Melissa Carter
2003-02-12,05:23,Daniel Roberson,2022161,5,talk,Daniel Roberson,Jacqueline Warner
2007-11-01,10:33,Lauren Lewis MD,2024700,9,another,Lauren Lewis MD,Dylan Clark
1995-09-01,01:52,Paul Mueller,2024215,2,people,Paul Mueller,William Ayala
2001-03-10,07:14,Brooke Perkins,2022555,2,Mrs,Brooke Perkins,Anthony Tanner
1980-10-26,20:01,Raven Crawford,2020995,6,anyone,Raven Crawford,Tiffany Lopez
2016-03-27,16:18,Mrs. Amanda Clark,2019775,5,community,Mrs. Amanda Clark,Alexander Hill
2001-07-31,04:40,Kenneth Brown,2023033,7,top,Kenneth Brown,David Ford
1999-06-26,16:52,Nicole Dodson,2020688,8,indeed,Nicole Dodson,Lisa Fitzgerald
1978-06-04,16:34,Samantha Lopez,2018396,3,about,Samantha Lopez,Mikayla Schneider
2021-02-15,12:14,Kathleen Hawkins,2022651,8,nothing,Kathleen Hawkins,Miss Summer Gordon
2014-08-08,00:25,Raymond Hunter,2018851,6,weight,Raymond Hunter,Amber Harrell
2020-06-02,07:47,Raven Crawford,2020995,7,out,Raven Crawford,Jeffrey Monroe
1986-03-01,19:14,Gerald Lyons,2021236,2,gun,Gerald Lyons,Edward Walker
2012-02-10,19:25,Emma Thompson,2020728,7,wide,Emma Thompson,Ian Garcia
1996-09-09,01:06,Mr. Cameron Hanna,2022436,9,compare,Mr. Cameron Hanna,Rebecca Reilly
1997-12-27,21:36,Melissa Ruiz,2019294,8,apply,Melissa Ruiz,Jessica Gibson
2022-01-22,09:33,Kelly Miller,2020956,3,dog,Kelly Miller,Helen Burns
1993-04-21,22:50,Alexandra Dominguez,2023023,3,floor,Alexandra Dominguez,Tina Humphrey
1993-09-07,21:48,Nichole Garcia,2020129,7,east,Nichole Garcia,Kelly Wall
1985-01-05,12:16,Lauren Scott,2020696,1,seem,Lauren Scott,William Smith
1982-09-03,07:08,Kelly Miller,2020956,1,remain,Kelly Miller,Sonya Mcdaniel
2015-10-12,17:08,Nichole Garcia,2020129,0,ago,Nichole Garcia,Victoria Rowe
1976-12-10,14:06,Jenna Cruz,2024967,7,knowledge,Jenna Cruz,Geoffrey Anderson
2019-10-22,19:33,Michael Mckinney,2022346,0,fly,Michael Mckinney,Kathleen Stewart
2002-03-17,14:42,Charles Carson,2022089,7,huge,Charles Carson,Pamela Rocha
2020-06-01,14:09,Mrs. Amanda Clark,2019775,9,effect,Mrs. Amanda Clark,Christopher Newman
2011-09-17,05:54,Angela Pacheco DVM,2020727,2,notice,Angela Pacheco DVM,Bethany Jones
1990-05-15,18:20,Tyler Wallace,2021883,8,realize,Tyler Wallace,Andrew Green
2007-07-06,20:03,Cynthia Gomez,2022514,9,size,Cynthia Gomez,Brandy Young
2002-07-01,01:56,Nichole Garcia,2020129,7,reach,Nichole Garcia,Gabriella Lee
2003-01-14,06:42,Tristan Bruce,2019316,2,expect,Tristan Bruce,Christine Bailey
2006-12-23,12:04,Erica Lawrence,2023850,2,read,Erica Lawrence,Claire Mccormick
1994-09-19,16:43,William Rivera,2023653,1,approach,William Rivera,Charles Lane
1976-11-08,12:22,Joshua Gordon,2020848,5,standard,Joshua Gordon,Anthony Matthews
2014-06-24,19:00,Michael Allen,2024028,2,administration,Michael Allen,Sarah Payne
2022-01-05,07:31,Charles Carson,2022089,7,although,Charles Carson,Timothy Banks
1994-10-19,11:37,Harry Norris,2022006,9,high,Harry Norris,Sherry Anderson
1983-07-12,20:43,Jamie Kim,2019667,0,single,Jamie Kim,Jennifer Gutierrez
1977-02-07,18:59,Lisa Petty,2021863,8,understand,Lisa Petty,Debbie Jordan
2019-12-23,08:23,Amy Wright,2019878,3,over,Amy Wright,Eric Jones
1970-04-15,18:46,Richard Hardy,2024164,0,world,Richard Hardy,Jessica Gomez
2009-10-17,15:38,Mrs. Amanda Clark,2019775,7,year,Mrs. Amanda Clark,Nancy West
1978-06-03,11:16,Jamie Kim,2019667,4,whose,Jamie Kim,Michael Garcia
2006-05-25,04:38,Amy Wright,2019878,0,structure,Amy Wright,Kevin Wheeler
2007-09-11,01:41,Lauren Lewis MD,2024700,6,expert,Lauren Lewis MD,Willie Cervantes
1974-08-26,04:20,Laurie Perry,2018554,4,leave,Laurie Perry,Amy Meyers
1970-05-30,01:53,Ralph Steele,2020164,6,wrong,Ralph Steele,Lauren Baldwin
1995-08-06,07:54,Ryan Wright,2023057,8,hospital,Ryan Wright,Dorothy Roberts
1978-09-12,08:01,Christopher Harvey,2020549,5,enter,Christopher Harvey,Lisa Wilson
1991-09-23,23:49,Carolyn Harris,2022737,9,floor,Carolyn Harris,Jesse Washington
2018-04-01,12:21,Tristan Bruce,2019316,3,lead,Tristan Bruce,Daniel Edwards
1998-09-27,10:25,Melissa Sawyer,2022288,0,catch,Melissa Sawyer,Shelly Austin
2016-01-18,03:34,Ryan Sanders,2022088,0,keep,Ryan Sanders,Carol Jacobs
2002-06-06,03:42,Christopher Ward,2024887,8,tough,Christopher Ward,Wanda Rogers
2011-04-17,12:08,Tristan Bruce,2019316,5,their,Tristan Bruce,Linda Vance
1981-09-20,06:26,Jonathan Long,2024453,5,imagine,Jonathan Long,Evan Rodriguez
1985-07-19,13:53,Kathryn Ramirez,2022822,4,through,Kathryn Ramirez,Luke Johnson
1973-06-08,14:29,Michael Mckinney,2022346,5,when,Michael Mckinney,Whitney Fischer
1973-04-02,11:35,Melissa Mueller,2022434,1,well,Melissa Mueller,Mrs. Morgan Smith MD
1998-09-10,20:50,George Willis,2022552,1,value,George Willis,Amy Reed
2003-08-15,02:38,Mariah Reed,2018061,1,enter,Mariah Reed,Lori Mitchell
2005-02-25,06:42,Michael Patel,2024918,9,accept,Michael Patel,Scott Moore
1991-01-26,00:38,Laurie Perry,2018554,6,and,Laurie Perry,April Rocha
1976-02-15,09:07,Justin Clark,2018259,6,last,Justin Clark,Justin Bishop
2003-03-04,20:31,Christian Williams,2022314,2,listen,Christian Williams,Michael Baker
1985-06-20,13:34,Justin Clark,2018259,0,manage,Justin Clark,Craig Weeks
