Date,Time,Name,Contact No,Quantity,Medicine Name,Student Sign,Security Sign
2017-12-22,11:20,Jennifer Walsh,4244111274,5,although,Jennifer Walsh,Michael James
1979-12-20,05:12,Lori Parker,964218027,3,each,Lori Parker,Theresa Giles
1987-05-20,04:16,Harold Moreno,2322998750,7,star,Harold Moreno,Kyle Cole
1991-11-15,19:45,Nathan Luna,4060455811,4,give,Nathan Luna,Chad Williams
1988-08-02,14:18,Richard Ferguson,3065318843,3,whose,Richard Ferguson,Gina Brewer
1993-07-19,08:21,Kathryn Wallace,6718464920,1,radio,Kathryn Wallace,Brian French
1991-07-22,20:22,Gregory Duke,3405934871,1,carry,Gregory Duke,Priscilla Martin
2010-05-29,03:54,Kimberly Adams,7285384122,7,can,Kimberly Adams,Valerie Estrada
1978-09-20,22:51,Carol Hayes,4651502874,9,couple,Carol Hayes,Natalie Lopez
1980-02-28,09:44,Andrew Peterson,3156275604,2,organization,Andrew Peterson,Nathaniel Cummings
2021-07-11,13:26,Jacob Perez,2209024903,0,bill,Jacob Perez,Stephen Conley
2004-02-04,21:31,Robin Rivas,8692917410,6,poor,Robin Rivas,Tim Grant
2012-03-24,22:59,Kimberly Adams,7285384122,8,around,Kimberly Adams,Ellen Hamilton
1993-12-16,11:10,Miguel Davis,4116973955,3,hit,Miguel Davis,Amanda Webb
2023-06-06,20:02,Matthew Jimenez,5226189951,3,the,Matthew Jimenez,Alan Taylor
1998-09-30,18:44,Ryan George,4530392026,2,clear,Ryan George,Allison Donovan
1981-08-15,15:29,Nathan Luna,4060455811,6,thing,Nathan Luna,Ricardo Sanders
2014-06-14,05:32,Mario Jordan,1839252223,9,name,Mario Jordan,Julie Price
1989-08-01,12:07,Jesse Henderson,7900272584,4,professional,Jesse Henderson,Thomas Gonzalez
1983-07-29,17:34,Kathryn Wallace,6718464920,1,accept,Kathryn Wallace,Mary Gutierrez
1977-10-19,07:00,Juan Young,7048783113,7,audience,Juan Young,Julia Hunt
2021-10-06,01:45,Lauren Mayer,5876089437,4,small,Lauren Mayer,Joel Black
2020-09-22,19:24,Harold Moreno,2322998750,7,and,Harold Moreno,Kaitlyn Williams
1972-03-14,02:38,Jesse Henderson,7900272584,8,whom,Jesse Henderson,Joshua Alexander
1978-11-17,15:39,Jennifer Wilson,5980745381,8,begin,Jennifer Wilson,Charles Pope
1974-12-08,14:51,Jesse Henderson,7900272584,9,money,Jesse Henderson,Darrell Gillespie
1986-10-17,06:39,Michael Martinez,1887682147,3,ball,Michael Martinez,Cathy Bass
2018-03-05,04:54,Gabriel Richards,3021136457,9,sister,Gabriel Richards,Brittany Joseph
2000-12-24,14:49,Patricia Cook,9220878541,9,close,Patricia Cook,Todd Henry
2003-08-15,12:58,Richard Ferguson,3065318843,0,arm,Richard Ferguson,Tracey Brock
1985-06-17,15:58,Carol Hayes,4651502874,6,three,Carol Hayes,Ashley Reynolds
2000-03-12,08:33,John Henry,2188111645,6,military,John Henry,Ronnie Harrison
1980-12-19,22:45,Scott Freeman,676766988,9,hold,Scott Freeman,David Jones
1980-06-12,23:13,Christopher Norton,2089705754,5,thing,Christopher Norton,Lisa Vaughn
1978-07-23,20:31,Melissa Shaw,8954936030,9,little,Melissa Shaw,Kristin Dickson
1989-03-21,03:09,John Henry,2188111645,0,member,John Henry,Michelle Harper
2012-07-15,17:03,Clifford Harrison,7846920008,3,speech,Clifford Harrison,Brian Zhang
2017-12-22,01:48,Tara Morris,6085434017,9,government,Tara Morris,Rebecca Thompson
2011-05-27,09:13,Elizabeth Williams,446124691,0,letter,Elizabeth Williams,William Rodriguez
1988-03-08,21:06,Jessica Mercer,5595701286,0,turn,Jessica Mercer,Jonathan Conway
2006-11-24,22:45,Todd Arellano,6474058731,9,measure,Todd Arellano,Phillip Perry
1972-02-12,06:19,Melissa Shaw,8954936030,4,write,Melissa Shaw,Mindy Ellis
2021-04-05,15:58,Brad Armstrong,2456146108,8,well,Brad Armstrong,Monica Jimenez
1978-10-30,20:42,Henry Miller,7100120813,8,hope,Henry Miller,Joshua Patterson
1996-05-22,08:57,Kimberly Johnson,5887519320,1,record,Kimberly Johnson,Jennifer Salinas
1995-02-12,17:00,Stephen Dudley DVM,9656049017,2,oil,Stephen Dudley DVM,Steven Fowler
1979-03-31,08:44,Gregory Duke,3405934871,0,fish,Gregory Duke,Natasha Bender
1990-04-21,07:55,Mr. Ian Ward,9512308933,1,form,Mr. Ian Ward,Gabriella Martinez
2003-03-27,03:41,Megan Fowler,7755544218,4,each,Megan Fowler,Adam Robinson
1986-01-06,23:16,Louis Davidson,891660415,8,despite,Louis Davidson,Amanda Brown
1971-06-13,11:20,Nicole Walsh,2356509362,3,never,Nicole Walsh,Mariah Christensen
1993-12-23,06:43,Mrs. Nicole Griffin,169303181,6,our,Mrs. Nicole Griffin,Janet Ortega
2017-01-08,20:38,Lawrence Weaver,1187090015,3,north,Lawrence Weaver,Sean Carney
2003-04-13,03:55,Shirley Huff,7074113238,5,brother,Shirley Huff,Michael Escobar
2015-04-02,16:03,Richard Ferguson,3065318843,0,keep,Richard Ferguson,Lucas Sparks
1996-02-25,19:51,Grace Green,4074961714,9,road,Grace Green,Travis Parker
2012-07-10,12:38,Nathan Smith,3007082866,7,determine,Nathan Smith,Lynn Pierce
2001-03-04,01:36,Charles Melton,4797263931,2,easy,Charles Melton,Adrienne Hunter
1997-04-10,01:48,Tara Morris,6085434017,9,outside,Tara Morris,Matthew Gray
1994-07-22,16:25,Jocelyn Ward,3827881399,2,wrong,Jocelyn Ward,Ryan Hale
1971-12-18,03:17,Juan Young,7048783113,4,tell,Juan Young,Julia Robinson
1993-03-31,01:20,Mario Jordan,1839252223,6,bring,Mario Jordan,Stephen Nelson
1998-01-28,08:33,Lawrence Weaver,1187090015,4,white,Lawrence Weaver,Fernando Haynes
1989-02-01,20:16,Marcia Molina,5630761593,9,major,Marcia Molina,Kenneth Ewing
2005-01-17,16:57,Jason Roberts,3630732846,3,subject,Jason Roberts,Janice Stone
1983-02-15,22:38,Troy Campbell,748640831,2,several,Troy Campbell,Tina Lloyd
2003-02-11,12:43,Patricia Phillips,8856230825,5,small,Patricia Phillips,Cynthia Ross
2000-11-07,06:33,Tara Morris,6085434017,1,allow,Tara Morris,Reginald Goodman
1993-09-11,07:25,Harold Moreno,2322998750,8,source,Harold Moreno,Virginia Shaffer
1994-05-12,19:53,Valerie Henry,9297181698,8,throw,Valerie Henry,Brent Simpson
1970-06-17,12:21,Juan Young,7048783113,9,else,Juan Young,Stuart Johnson
1978-01-30,07:01,Cassandra Richardson,6883317890,1,sort,Cassandra Richardson,Lindsey White
1983-06-02,03:00,Scott Freeman,676766988,6,foot,Scott Freeman,Luis Chan MD
1977-06-17,15:02,Ms. Emily Miller,3664946161,9,week,Ms. Emily Miller,Zachary King
2009-12-13,22:24,Kathryn Wallace,6718464920,0,writer,Kathryn Wallace,Christopher Lane
1971-12-29,09:10,Robert Smith,4750292241,5,affect,Robert Smith,Randall Hicks
2010-06-22,04:57,Christy Gibson PhD,3618339740,4,provide,Christy Gibson PhD,Michael Joseph
2018-06-05,06:57,Thomas Galloway,9230913708,5,season,Thomas Galloway,Michelle Gonzalez
1973-07-14,05:03,Bridget Evans,1835668351,6,behavior,Bridget Evans,Dr. Richard Mitchell
1999-01-14,02:19,Henry Miller,7100120813,8,agent,Henry Miller,Brooke Walsh
1992-11-10,13:41,Christina Gordon,881243269,2,most,Christina Gordon,Randy Martin
2003-03-30,19:17,Joseph Alvarado Jr.,5105668696,6,Mrs,Joseph Alvarado Jr.,Barbara Malone
2016-01-07,19:45,Martha Gordon,628129916,1,require,Martha Gordon,Marissa Lam
2021-09-26,14:46,Scott Freeman,676766988,1,leg,Scott Freeman,Holly Clark
2004-05-19,22:24,Jason Roberts,3630732846,0,always,Jason Roberts,Allison Russell
1984-10-06,10:06,Christopher Nichols,1371627839,3,walk,Christopher Nichols,Teresa Davidson
1995-09-02,16:44,Mrs. Nicole Griffin,169303181,2,policy,Mrs. Nicole Griffin,Nicole Franklin
1997-05-25,04:27,Jesse Henderson,7900272584,2,truth,Jesse Henderson,Kevin Kelly
1985-05-19,08:58,Louis Davidson,891660415,9,phone,Louis Davidson,Kelly Benson
1976-03-06,11:41,Todd Arellano,6474058731,3,indeed,Todd Arellano,Richard Cohen
1982-08-17,02:14,Jessica Mercer,5595701286,7,staff,Jessica Mercer,Nicole Robles
1990-10-20,02:59,Jasmine Dickerson,2320745734,6,property,Jasmine Dickerson,Kristina Gomez
2007-03-10,22:14,Jennifer Wilson,5980745381,9,street,Jennifer Wilson,Chad Jackson
1979-06-26,19:12,Henry Miller,7100120813,7,walk,Henry Miller,Kenneth Moore
2005-08-19,13:42,Matthew Jimenez,5226189951,3,imagine,Matthew Jimenez,Larry Schultz
1972-03-27,14:25,Nicole Walsh,2356509362,4,feel,Nicole Walsh,Christopher Mcdaniel
2007-06-07,02:00,John Henry,2188111645,0,open,John Henry,Nancy Jackson
2006-05-08,20:18,Jasmine Dickerson,2320745734,7,kid,Jasmine Dickerson,Gina Navarro
1977-11-02,08:32,Louis Davidson,891660415,0,just,Louis Davidson,Jacqueline Wilson
1983-02-19,03:49,Christopher Nichols,1371627839,2,cultural,Christopher Nichols,William Bell
