Sr No,Date,Name,Room,Delivery driver name,Driver Contact,Company,Quantity,Pick Up Student,Pick Up Student Number,Signature,Security Signature
1,2009-02-01,Kristina Howell,A-722,Margaret Fields,9275383591,Williams-Garcia,35,Rebecca Frazier,8105811985,Kristina Howell,Rebecca Frazier
2,1978-02-10,Brian Newman,A-796,Paul Holder,1067288788,Beasley and Sons,1,Lisa Henson,3090087695,Brian Newman,Lisa Henson
3,1991-05-01,Travis Anderson,A-320,James Taylor,9791448692,Stevens Ltd,9,Brenda Webster,4913949518,Travis Anderson,Brenda Webster
4,1976-12-15,Erin Sullivan,A-960,Grace White,4546146570,"Fernandez, Lucas and Martin",24,Thomas Garcia,2211629508,Erin Sullivan,Thomas Garcia
5,2005-06-27,Jamie Huber,A-282,Matthew Jenkins,9844362105,Jones PLC,74,Misty Miller,5758265147,Jamie Huber,Misty Miller
6,1987-07-12,Alexis Vargas,A-219,David Bennett,9383013200,Castillo-Miller,52,Ricky Lee,3789226166,Alexis Vargas,Ricky Lee
7,1982-04-30,Donna Day,A-937,Michael May,2231016334,"Moody, Gray and Williams",3,Kelly Hammond,1623056756,Donna Day,Kelly Hammond
8,2023-05-25,Cindy Vega,A-785,Margaret Romero,4286368880,"Mendoza, Fisher and Stout",43,Kristen Ayala,7542673310,Cindy Vega,Kristen Ayala
9,2010-09-07,Maria Reyes,A-883,Angela Montgomery,9239355012,Oneill-Hamilton,3,Shelby Thomas,2399510693,Maria Reyes,Shelby Thomas
10,2007-10-04,Daniel Walker,A-202,Patrick Carr,1999782985,"Fowler, Patrick and Jones",72,Marcus Maldonado,7066832592,Daniel Walker,Marcus Maldonado
11,1993-02-07,Travis Cook,A-726,Diana Brooks,5258254762,Lynch Group,34,Travis Anderson,9529816073,Travis Cook,Travis Anderson
12,1977-01-16,Tiffany Davis,A-922,Samuel Lee,2348542070,Moore Ltd,79,Steven Carter,5530397135,Tiffany Davis,Steven Carter
13,1995-06-10,Brett Friedman,A-484,Ashley Schneider,4741330969,Anderson Group,55,Keith Stein,6742588313,Brett Friedman,Keith Stein
14,2013-12-08,Kelsey Cole,A-980,Jessica Phillips,55925289,"Castro, Cameron and Gutierrez",47,Denise Knox,1807915484,Kelsey Cole,Denise Knox
15,1983-10-25,Krystal Patterson,A-661,Matthew Washington,2562302497,Farley and Sons,12,Victoria Rios,1507296101,Krystal Patterson,Victoria Rios
16,2006-02-09,Chelsea Gardner,A-530,Michael Stephenson,321794867,Raymond Group,20,Christina Young,2522386325,Chelsea Gardner,Christina Young
17,1995-10-05,Derek Brown,A-239,Jacob Morris,1856600827,Freeman-Barnes,9,Taylor Salinas,4219479396,Derek Brown,Taylor Salinas
18,1986-08-02,Thomas Garcia,A-369,Christine Clarke,5953560901,Anthony PLC,19,Travis Cook,6348919436,Thomas Garcia,Travis Cook
19,2003-09-08,Monica Bauer,A-365,Alice Jones,9955999661,Humphrey-Moreno,5,Stephanie Chapman,1957754330,Monica Bauer,Stephanie Chapman
20,1973-10-07,Tami Hamilton,A-134,Bianca Ortiz,7954074362,"Ellison, Alexander and Pope",48,Robert Doyle,2320751085,Tami Hamilton,Robert Doyle
21,2005-12-12,Joann Torres,A-354,Catherine Henry,6636845494,"Ramirez, Ross and Wallace",21,Amanda Sullivan,463888510,Joann Torres,Amanda Sullivan
22,2016-12-18,Lisa Henson,A-271,Veronica Hall,4803632462,Soto LLC,48,Molly Adkins,410766848,Lisa Henson,Molly Adkins
23,2013-10-13,Megan Hess,A-875,Matthew Hansen,7497648425,Cruz-Levy,46,George Delgado,4278879214,Megan Hess,George Delgado
24,2004-10-16,Kimberly James,A-245,Erica Strong PhD,5172230821,"Hall, Lynch and Jennings",38,Stephanie Chapman,1957754330,Kimberly James,Stephanie Chapman
25,1976-06-19,Jill Henderson,A-557,Sharon Brown,2720223563,Garner and Sons,22,Joseph Maynard,6419936229,Jill Henderson,Joseph Maynard
26,2001-01-02,Jill Henderson,A-150,Brian Brown,2412336968,Smith and Sons,21,Stacy Johns,1822844559,Jill Henderson,Stacy Johns
27,1971-11-18,Stacy Johns,A-893,Ian Humphrey,8795869505,"Robinson, Gomez and Morrow",49,Michele Davis,9993427730,Stacy Johns,Michele Davis
28,2000-03-04,Jacqueline Smith,A-572,Sarah Nelson,8509790902,Yates Ltd,5,Christina Young,2522386325,Jacqueline Smith,Christina Young
29,1981-05-21,Robert Doyle,A-627,Jessica Nielsen,292214990,Farley Group,27,John Thomas,8584642788,Robert Doyle,John Thomas
30,1995-07-29,Amy Holmes,A-381,Nicholas Flores,641223933,"Roy, Villegas and Wolfe",44,Kristen Ayala,7542673310,Amy Holmes,Kristen Ayala
31,2011-09-14,Charles Campbell,A-790,Lisa Williams,1277065991,Reynolds LLC,2,Megan Hess,5822815862,Charles Campbell,Megan Hess
32,1978-05-08,Brooke Smith,A-866,Kristin Farrell,1304642237,Elliott-Davis,30,Jacqueline Smith,5180382792,Brooke Smith,Jacqueline Smith
33,1985-06-07,Kristy Jackson,A-542,Karen Lee,835825022,Coleman-Montgomery,65,Tiffany Davis,5053150980,Kristy Jackson,Tiffany Davis
34,1998-09-23,Stephanie Chapman,A-938,Christopher James,1176105802,Avila-Hawkins,59,Christina Marquez,5915290653,Stephanie Chapman,Christina Marquez
35,2015-10-06,Brian Newman,A-308,Jennifer Blair,3534117594,Blevins-Hester,47,Misty Miller,5758265147,Brian Newman,Misty Miller
36,1991-03-14,Derek Sherman,A-782,Andrew King,4351164680,Anderson-Rowland,27,Maria Reyes,1422683569,Derek Sherman,Maria Reyes
37,2016-08-15,Travis Anderson,A-743,Travis Livingston,6036458185,"Patel, Brown and Kennedy",78,Judy Hayden,4215460752,Travis Anderson,Judy Hayden
38,2022-11-12,Kristy Jackson,A-771,David Lee,9558439385,Gonzalez PLC,48,Anna Tate,2077065665,Kristy Jackson,Anna Tate
39,2017-03-29,Daniel Walker,A-623,Mindy Garrison,4974306557,Hensley Inc,72,Joseph Maynard,6419936229,Daniel Walker,Joseph Maynard
40,1996-04-29,John Villegas,A-548,Brandon Hurst,2973581570,"Wiley, Brown and Garrison",83,John Thomas,8584642788,John Villegas,John Thomas
41,2014-03-22,Sarah Scott,A-851,Corey Powell,9751679124,Webster-Cervantes,89,Joseph Maynard,6419936229,Sarah Scott,Joseph Maynard
42,2007-02-11,Steven Carter,A-733,Kimberly Carter,42677033,Blackwell-Austin,16,Kimberly James,4282795473,Steven Carter,Kimberly James
43,1970-12-12,Kelly Hammond,A-319,Stephen Davis,1296449273,Wang Group,0,Rickey Lee,7121684118,Kelly Hammond,Rickey Lee
44,1995-04-29,Misty Miller,A-82,Michael Payne,415821383,Chandler-Burke,54,Rebecca Frazier,8105811985,Misty Miller,Rebecca Frazier
45,2018-10-19,Denise Knox,A-956,Stephen Cummings,5095713159,Roy Ltd,91,Brooke Smith,2258490094,Denise Knox,Brooke Smith
46,2018-04-09,Christina Young,A-582,Dillon Meyer,9609994227,"Anderson, Barnett and Hernandez",13,Megan Hess,5822815862,Christina Young,Megan Hess
47,2011-09-28,David Moore,A-768,Melanie Farley,1908268861,"Schroeder, Flowers and Ortiz",13,Charles Campbell,5972028372,David Moore,Charles Campbell
48,2001-01-18,Brett Garcia,A-438,Kimberly Lang,7202627222,Macdonald Inc,99,Sandra Marshall,7561166499,Brett Garcia,Sandra Marshall
49,1996-07-20,Rickey Lee,A-453,Richard West,8347200229,"Jones, Caldwell and Brown",82,Christina Young,2522386325,Rickey Lee,Christina Young
50,1972-12-09,Jack Pierce,A-925,Joseph Murphy,4907322854,Robinson PLC,14,Jacqueline Smith,5180382792,Jack Pierce,Jacqueline Smith
51,2008-06-01,Nicholas Ramirez,A-467,Jack Harris,1117718903,Olsen PLC,23,Travis Anderson,7343679179,Nicholas Ramirez,Travis Anderson
52,1986-08-02,Joann Torres,A-227,Kendra Bell,5389864313,"Lowe, Thompson and Soto",75,Brooke Smith,2258490094,Joann Torres,Brooke Smith
53,1978-09-06,Tiffany Davis,A-898,Cameron Miller,7856341998,"Lopez, Turner and Holt",76,Steven Carter,5530397135,Tiffany Davis,Steven Carter
54,2005-01-13,Sarah Scott,A-892,Mark Chandler,7977346728,Boyd Ltd,29,Bradley Harvey,3242618469,Sarah Scott,Bradley Harvey
55,1979-11-03,Anthony Adams,A-603,Michele Butler,5421937814,Clark Ltd,37,Kristin Huber,439992067,Anthony Adams,Kristin Huber
56,1988-05-10,Caleb Garcia,A-790,Kevin Taylor,8326708759,Anderson LLC,3,Robert Doyle,2320751085,Caleb Garcia,Robert Doyle
57,1983-10-22,Bradley Harvey,A-632,Claudia Chaney,3237300484,"Aguirre, Davila and Johnson",12,Rhonda Hoover,4454325788,Bradley Harvey,Rhonda Hoover
58,2023-06-18,Brett Garcia,A-126,Joan Barnes,3452857210,"Davidson, Torres and Powers",23,Molly Adkins,410766848,Brett Garcia,Molly Adkins
59,1982-08-29,Derek Sherman,A-41,Christopher Fisher,4026169377,Zimmerman-Quinn,34,Christina Young,2522386325,Derek Sherman,Christina Young
60,1997-08-03,Amanda Lloyd,A-972,Raymond Smith,3776735471,Wilson-Salazar,7,Kyle Brooks,2021629588,Amanda Lloyd,Kyle Brooks
61,1986-06-22,Judy Hayden,A-770,Paul Weaver,6497461493,"Barrett, Walker and Romero",29,Megan Hess,5822815862,Judy Hayden,Megan Hess
62,1991-08-27,Brian Newman,A-197,Jeanette Palmer,4349552512,"Perez, Allen and Hines",86,Jacqueline Smith,5180382792,Brian Newman,Jacqueline Smith
63,2010-02-27,Stephen Harris,A-806,Breanna Richardson,5727680762,Bradley-Bender,76,Jeffrey Vega,7893984057,Stephen Harris,Jeffrey Vega
64,2018-07-24,Brian Newman,A-652,Thomas Mccormick,559876747,Smith and Sons,17,Megan Hess,5822815862,Brian Newman,Megan Hess
65,1979-05-29,Krystal Patterson,A-677,Jessica Norris,9133549182,Graves Inc,43,Chelsea Gardner,548424298,Krystal Patterson,Chelsea Gardner
66,1997-07-27,Joshua Dixon,A-266,Megan Smith,85793267,"Banks, Murray and Camacho",40,Derek Sherman,6572043259,Joshua Dixon,Derek Sherman
67,2016-04-02,Misty Miller,A-893,Terri Clark,97977249,Adkins-Avila,53,Robert Doyle,2320751085,Misty Miller,Robert Doyle
68,2007-06-27,Jamie Huber,A-239,Nicole Weber,5992340026,"Evans, Moore and Henry",46,Tiffany Davis,5053150980,Jamie Huber,Tiffany Davis
69,1974-11-14,John Villegas,A-534,Megan Burnett,4846278801,Montes Ltd,41,William Case,8929955116,John Villegas,William Case
70,1981-03-26,Amanda Lloyd,A-617,Matthew Colon,6840990004,"Bell, Cortez and Hale",35,Charles Campbell,5972028372,Amanda Lloyd,Charles Campbell
71,2009-04-04,Kimberly James,A-903,Russell Cantrell,6422831496,Martin Ltd,97,Kelly Hammond,1623056756,Kimberly James,Kelly Hammond
72,1972-08-16,Tina Moore,A-695,Victor Huff,8016153621,"Williams, Hill and Morse",51,Travis Anderson,9529816073,Tina Moore,Travis Anderson
73,2020-09-23,Stephen Harris,A-987,Suzanne Ho,5206502693,Green and Sons,68,Amy Holmes,6581928246,Stephen Harris,Amy Holmes
74,1989-12-05,Charles Campbell,A-732,Stephanie Dean,369811583,"Caldwell, Garcia and Powers",41,Brett Garcia,4480386952,Charles Campbell,Brett Garcia
75,1974-06-30,Krystal Patterson,A-333,Jade Chung,4278534187,Dodson and Sons,72,Charles Campbell,5972028372,Krystal Patterson,Charles Campbell
76,2008-11-03,Michelle Martinez,A-830,Rebecca Davis,428678056,Raymond LLC,97,Rickey Lee,7121684118,Michelle Martinez,Rickey Lee
77,1978-08-20,Nicholas Ramirez,A-876,Jerry Cowan,8425384022,Taylor Group,58,Robert Doyle,2320751085,Nicholas Ramirez,Robert Doyle
78,1997-04-28,Brett Garcia,A-360,Steven Christensen,8896174239,Aguirre LLC,62,Christina Marquez,5915290653,Brett Garcia,Christina Marquez
79,2010-07-29,Christina Marquez,A-445,Ronald Mcdaniel,6145382720,Miller-White,12,Jack Pierce,7103560412,Christina Marquez,Jack Pierce
80,2001-12-13,Daniel Walker,A-112,Daniel Phillips,4240729134,"Alexander, White and Petty",32,John Villegas,441213903,Daniel Walker,John Villegas
81,1987-10-26,Keith Carroll,A-998,Michael Shannon,9831187206,Fletcher and Sons,73,Stacy Johns,1822844559,Keith Carroll,Stacy Johns
82,2007-12-19,Anna Tate,A-396,Peter Perez,6253490419,Smith PLC,48,Daniel Walker,1407155032,Anna Tate,Daniel Walker
83,1972-09-04,Krystal Patterson,A-774,Austin Miranda,7991908346,Potter Group,80,Erin Sullivan,1339669131,Krystal Patterson,Erin Sullivan
84,1989-07-28,Pamela Phillips,A-967,Alexis Fowler DDS,3223934806,Boyd-Castillo,47,Jack Pierce,7103560412,Pamela Phillips,Jack Pierce
85,1972-09-08,Brett Friedman,A-836,Tyler Mccarthy,1345464651,"Floyd, Gardner and Gonzalez",6,Brooke Smith,2258490094,Brett Friedman,Brooke Smith
86,1996-11-02,Tami Hamilton,A-408,Melissa Perez,9654212636,"Smith, Burton and Randall",56,Amy Holmes,6581928246,Tami Hamilton,Amy Holmes
87,2002-10-16,Nicholas Ramirez,A-115,Kevin Figueroa,7738168438,Brandt Group,10,Tina Moore,7179297335,Nicholas Ramirez,Tina Moore
88,1999-03-20,Rebecca Frazier,A-420,Maria Thompson,9489263335,Conrad-Stevens,79,Micheal Ramirez,3860722892,Rebecca Frazier,Micheal Ramirez
89,2010-05-10,Timothy Jones,A-170,Michael Jones,1132914167,Floyd-Gardner,0,Megan Hess,5822815862,Timothy Jones,Megan Hess
90,2007-04-29,Ronald Montgomery,A-870,Benjamin Calderon,3210387039,Jones-Daniels,3,Cindy Vega,424313483,Ronald Montgomery,Cindy Vega
91,1979-05-05,Pamela Phillips,A-150,Yvonne Wolfe,8804367579,Mayo PLC,33,Kristen Ayala,7542673310,Pamela Phillips,Kristen Ayala
92,1993-03-19,Jeffrey Vega,A-823,Ronald Patel,4128323040,Dillon-Rivera,63,John Villegas,441213903,Jeffrey Vega,John Villegas
93,2003-12-17,Timothy Jones,A-148,Timothy Holland,2247750709,Gilbert PLC,82,Molly Adkins,410766848,Timothy Jones,Molly Adkins
94,1970-05-23,Cindy Vega,A-998,Isaac Washington,251049147,"Jones, Collins and Odonnell",78,Jacqueline Smith,5180382792,Cindy Vega,Jacqueline Smith
95,1989-05-24,Kristin Huber,A-767,Amanda Cook,9072106268,Taylor and Sons,0,Shelby Thomas,2399510693,Kristin Huber,Shelby Thomas
96,1999-09-07,Monica Bauer,A-507,Stephanie Curry,800083927,Reynolds-Daniel,17,Cindy Vega,424313483,Monica Bauer,Cindy Vega
97,1977-11-30,Kimberly James,A-923,Justin Henderson,5241606114,Jones-Hansen,51,Michele Davis,9993427730,Kimberly James,Michele Davis
98,2012-11-19,Laura Morrison,A-976,Anthony Taylor,1320755395,"Miller, Williams and Douglas",38,Amy Holmes,6581928246,Laura Morrison,Amy Holmes
99,2023-06-02,Tina Moore,A-852,Timothy Guerra,6960291450,"Rivera, Mccoy and Flores",78,Amanda Sullivan,463888510,Tina Moore,Amanda Sullivan
100,1984-06-20,Tamara Taylor MD,A-738,Jennifer Vincent,6329496457,"Kelley, Harris and Lawson",61,Stephanie Chapman,1957754330,Tamara Taylor MD,Stephanie Chapman
