Date,Name,Contact,Sport,Equipment,Room No,Time,Roll No,Signature,Security Signature
1982-02-26,Tracy Stewart,+1-760-806-8092x3744,item,room,A-575,14:11:33,713972,John Joseph,Angela White
1990-11-28,Stacey Smith,722-236-5350,talk,term,A-995,02:08:46,324422,Adam Simon,Shane Hinton
1991-01-30,Jennifer Murray,214.595.3918x7374,growth,early,A-313,23:17:19,653552,Joseph Powell,James Woods
1985-10-01,Anthony Calhoun,923-963-0504x932,in,these,A-446,01:35:44,761019,Tanya Hood,Timothy Lawrence
1996-10-21,Brent Stewart,207-364-7330,huge,drug,A-533,15:59:07,591681,Daniel Bailey PhD,Angela Casey
1991-11-08,Ashley Taylor,8353910087,participant,there,A-325,23:40:43,179237,Heather Hendricks,Jessica Humphrey
2005-05-02,Charles Cross,272.328.6572x4946,data,cut,A-406,19:41:39,636391,Brittany Dawson,Brian Whitney
1992-08-04,Joseph Hancock,(886)639-2935x5124,right,garden,A-524,21:02:48,491272,Daniel Shields,Wendy Henry
1979-10-11,Jeremiah Jones,(528)797-5802x722,partner,position,A-772,03:06:55,109799,Wanda Stewart,Kevin Quinn
1988-01-26,Yvette Lopez,855.511.1457,employee,guy,A-695,14:18:50,709311,Marcia Browning,Terri Tran
1971-06-11,Jonathan Rodriguez,001-385-414-6461x48690,because,off,A-870,11:30:43,852944,Daniel Trevino,Stephanie Davis
2018-10-30,Joshua Horn,972-212-3294x02304,store,participant,A-180,21:41:13,665963,Deborah Brown,Linda Barker
1982-12-17,Tracy Stephenson,926.949.2253x2594,daughter,Democrat,A-703,18:21:46,635651,Cynthia Brown,Michael Reyes
1977-04-07,Glenn Small,+1-921-402-3969,the,southern,A-427,05:27:49,287087,Thomas Mann,Jeffrey Ray PhD
2011-10-28,Madeline Vaughan,001-944-351-6160x5042,very,firm,A-440,00:16:01,545550,David Holt,Sarah Hernandez
2020-12-25,Sean Rogers,+1-684-593-8102x97455,power,myself,A-558,02:10:37,753296,Kyle Cherry,Brandon Howard
2002-12-11,Mitchell Navarro,627-796-1257x0714,age,late,A-752,17:22:55,862017,Jessica Brown,Jennifer Rogers
1997-08-07,Kimberly Williamson MD,+1-784-829-5794x3623,line,see,A-492,07:19:43,389301,Susan Collins,William Cook
1986-10-27,Gerald Bush,(943)763-2762,onto,me,A-360,20:32:39,816362,Gloria Robinson,Patricia Meadows
1986-08-26,Yvonne Crawford,618.602.7971x82271,sit,hundred,A-587,03:04:00,247685,Emily Davidson,Kenneth Schultz
2012-07-19,Allison Ramirez,3078320859,he,song,A-843,01:40:28,928000,Sean Stanley,Garrett Lynch
1995-03-28,Kristine Collins,001-342-860-4130x03705,also,get,A-139,01:04:59,455981,Julia Duncan,Mark Bowers
1984-01-05,Shirley King,(294)306-4416x0793,standard,memory,A-480,09:41:16,129446,Darren Cruz,Samuel Thomas
2002-03-15,Andrew Gillespie,+1-666-823-1313,building,choose,A-996,19:13:52,402056,Courtney Santana,Michael Curtis
1985-09-26,Linda Grant,(285)769-1207x944,paper,feeling,A-302,20:24:02,261682,Wendy Wagner,David Mcdonald
2018-01-16,Lisa Ortiz,+1-707-451-8158x94913,away,standard,A-936,14:02:48,682980,Jason Kelly,Maria Ramirez
1992-07-12,Jerry Haley,(996)659-5155x55674,information,along,A-723,09:26:34,166145,Brian Jackson,Holly Wiley
1994-03-01,Jeremy Wells,001-217-407-4542x526,according,career,A-396,15:27:14,170733,Wendy Wright,Terry Cruz
1985-08-08,Robert Jefferson,591.492.3841x166,national,nearly,A-250,08:28:45,446175,Nicholas Alvarez,Stephanie Blanchard
1972-05-24,Donald Key,+1-803-827-4361x6783,respond,before,A-506,15:04:33,963197,Richard Nelson,April Kramer
2009-12-21,Jerome White,001-915-846-4083x23536,call,per,A-256,14:30:17,436158,Jesse Vargas,Donna Rodriguez
1985-03-24,Kristi Randall,405.718.1140x60863,his,television,A-394,01:31:50,33440,Nicholas Gates,Grant Harrison
2012-06-18,Shelly Wright,(538)869-0719x669,issue,main,A-715,03:45:16,14661,Alex Wang,Susan Johnson
2005-05-09,Anthony Garcia,674.735.9936x20490,bit,which,A-637,00:53:54,566732,Bryan Brewer,Lance Ferguson
1982-06-29,James Jarvis,304-618-0754x05303,court,subject,A-394,09:29:39,971028,Connie Mccann,Shelby Ali
2023-04-15,Erin Dixon,798-365-2753,all,unit,A-90,08:28:22,438829,Shelia Huber,Andrew Hess
1992-02-22,Brian Mann,(883)877-4379x55677,cultural,this,A-489,13:48:13,172092,Tiffany Anderson,Tiffany Peterson
2016-04-10,Alisha Ortiz,938.987.5879,bad,common,A-539,19:57:17,534859,Robert Morton,Jeffrey Woods MD
1978-06-13,Guy Knight,+1-338-304-6834x716,six,half,A-50,04:44:22,715172,Adam Lowe,Destiny Ayala
2021-08-03,Misty Hill,(412)259-9565x1281,among,cover,A-429,10:22:42,826956,George Henry,Timothy Hamilton
2009-02-22,Nicole Webb,(813)459-2607,relate,part,A-653,17:34:00,919765,Paul Garcia,Kimberly Rich
1980-06-11,Miguel Sparks,001-856-524-6060x25259,power,meeting,A-426,15:09:15,574053,Randy Hamilton,Susan Maddox
1986-06-15,Courtney Wilson,737-254-0312x52047,morning,other,A-295,05:42:51,964388,Darrell Walker,Caitlin Lee
1985-03-31,Elizabeth Mitchell,876.782.9345x0286,another,across,A-670,22:29:56,291293,James Hernandez,Melanie Johnson
1994-04-19,Lisa Spencer,340-333-1816,street,hard,A-3,17:33:31,668072,Jacob Johnson,Donna Osborne
1994-03-20,Amy Potts,001-209-437-4211x4010,various,last,A-182,00:11:55,23543,John Brown,Joshua Lopez
1972-01-22,Jeffrey Flynn DDS,393-936-5160,as,yes,A-349,10:33:40,446966,Michael Harrison,Michael Thompson
2017-03-15,Johnny Herring,949.302.2564x69774,see,at,A-260,19:52:51,289992,Audrey Johnson,Heather Dodson
2007-12-07,Karen Adkins,(753)980-5851x246,value,hand,A-106,20:36:08,283782,Michelle Robertson,Carol Stevens
1974-07-18,Tyler Frazier,001-276-366-0518x714,organization,last,A-19,16:21:24,372851,Danny Travis,Kristopher Palmer
2007-12-26,Lisa Gomez,(693)927-1974,everyone,source,A-658,20:11:38,975825,Samantha Little,Wanda Lewis
1986-07-14,Eric Kim,001-287-890-2264x566,process,maybe,A-280,20:24:18,866849,Brittany Richardson,Troy Foley
1977-02-21,Robert Gregory,347.891.6805,white,democratic,A-56,03:36:43,83233,Carrie Solis,Matthew Hunter
1999-01-17,Shannon Walker,585.206.9138x423,wife,movie,A-863,05:06:18,316452,Michelle Brown,Antonio Warren
2002-01-02,Wesley Ellis,(555)978-1613,page,speak,A-200,09:21:06,504111,Luis Woodard,Emily Montgomery
1989-09-06,Stacey Foley,+1-876-853-6771x039,there,player,A-213,01:43:46,962018,Heather Johnson MD,Jennifer Smith
1997-10-06,Matthew Jordan,5228570036,family,town,A-196,19:31:42,222935,David Vega,Matthew Walls
2020-05-20,Rachel Oneal,001-350-492-4339x837,value,sound,A-35,01:45:03,403119,Michael Green,Jason Moore
1995-07-23,Charles Allen,700-390-9693x456,PM,night,A-175,11:49:34,85781,Lisa Rhodes,Nicholas Woodard
1970-04-06,Christine Adams,882.963.1313x5513,successful,only,A-408,14:49:03,178312,Joshua Gomez,Cynthia Flores
2004-03-10,Jonathan Davis,580.510.4796x84822,record,data,A-914,23:51:24,160405,Angel Fuller,Anna Smith
1999-11-17,Diana Shaw,(401)276-1540,put,act,A-486,07:41:14,947510,Stephen Sharp,Mark Dodson
1994-10-03,Daniel Shah,+1-757-622-4108x2246,build,support,A-492,21:46:46,111907,Austin White,Henry Diaz
2016-07-27,Destiny Kelly,(439)902-5826x375,effect,development,A-84,03:23:00,30257,Thomas Ortega,Justin Dennis
1971-05-26,Tyler Myers,486-672-5832,wind,discussion,A-541,23:01:53,459642,Jasmin Madden,Joseph King
2017-06-28,Barbara Franklin,549-459-1047x53585,range,road,A-327,01:24:28,104106,Richard Lyons,Deborah Shea
2013-07-20,Justin Ochoa,431-461-2004,win,from,A-47,20:05:22,703877,John Clarke,Kelsey Evans
2016-02-27,Amanda Fields,588-222-4006x0724,camera,gas,A-32,15:06:54,885616,Erin Payne,Samantha Ruiz
1992-11-05,James Sanders,(401)744-1015,someone,three,A-181,15:52:53,734190,Frank Blevins,Susan Cox
2021-03-26,Jennifer Park,6123289420,old,college,A-437,07:35:48,4018,Christine Hanson,Kathryn Mccann
2011-02-02,Jasmine Johnson,001-469-863-0982x804,give,late,A-60,04:43:42,933545,Rebecca Walker,Kristine Cardenas
2012-07-20,Cassie Fernandez,001-606-287-6705x439,skin,nice,A-629,05:25:12,237530,Noah Carter,Melinda Hunter
2019-07-12,Sherry Mcmillan,742-846-1122x1292,determine,fire,A-980,06:24:02,887311,Michael Richards,Patrick Gray Jr.
1997-09-18,Patricia Johnston,357-529-1872,each,price,A-536,10:57:56,770380,Brittany Wilkins,Mark Andrews
1980-02-06,Tina Greene,+1-220-261-2367x768,action,decade,A-893,11:53:44,516572,Dawn Gomez,Collin Davis
1990-05-19,Veronica Kirk,843-549-6892x01603,heavy,report,A-108,06:57:09,66215,Earl Jensen,Troy Smith
1978-10-25,Robert Salazar,001-571-247-5153x64024,every,themselves,A-300,02:50:20,288472,Joel Marshall,Stephen Hansen
1972-10-16,Lynn Johnson,+1-222-988-4638x0172,air,full,A-365,23:33:57,382720,Patty Morgan,Isabel Duke
2000-05-01,Carla Murphy,(568)297-3326,teacher,middle,A-191,20:22:37,969660,Becky Wiggins,Eric Thomas
2006-02-17,Anna Santana,(868)794-5569,price,standard,A-891,10:26:34,961811,Gloria Callahan,Mark Acosta
2007-08-16,Darren Alvarez,+1-273-749-1234,far,short,A-406,03:32:09,64042,Sara Leon,James Romero
1982-02-20,Janet Howard,274.531.6740x368,anything,scene,A-341,17:02:23,355168,Bryan Gibson,Tara Hoffman
2022-02-22,Dr. Zachary Ramos,826.891.5562,term,whose,A-740,20:12:31,77744,Beverly Benitez,Erica Johnson
1982-03-19,Adam Harris,9902325985,answer,short,A-219,13:11:14,199855,William Carter,Brenda Anderson
2009-08-07,Gregory Solomon,9776868225,own,woman,A-358,20:33:42,50387,James Meza,Whitney Phelps
2004-08-17,Ricky Allen,4654827988,himself,investment,A-890,11:37:26,970537,Thomas Keller,Nicole Valdez
1982-10-24,Tracey Howard,613.539.5919x808,thing,social,A-197,02:32:55,777500,Brooke Potter,Lawrence Bell
2008-10-01,Katherine Maxwell,001-943-497-2099x93474,brother,despite,A-152,23:50:44,16518,Jonathan Miller,Juan Ramirez
2015-03-05,Jermaine Murphy,529.694.8886x5458,build,work,A-289,17:07:10,169380,William Park,Mr. Robert Willis
2000-08-11,Vanessa Scott,694-580-8560,table,light,A-154,09:03:57,704214,Wendy Golden,Jean Lambert
1995-08-19,Abigail Lowery,(371)388-9502x682,station,guess,A-635,01:42:38,284091,Tyler Taylor,Logan Graham
1988-03-10,April Jones,461.682.4228x6682,really,million,A-748,18:01:21,272646,Stephanie Smith,Ann Moran
1974-10-10,Kelly Doyle,490-834-8521x8108,feeling,attorney,A-819,02:12:21,647571,Jason Rivera,David Wright
1987-11-06,Michael Hill,473.577.7247x245,investment,before,A-581,06:46:50,855320,Autumn Allison,Holly Phillips
2018-09-23,Joseph Johnson,+1-902-230-8409x83222,perhaps,win,A-192,15:07:16,24837,Teresa Hatfield,Michelle Roth
1973-09-29,Theresa Johnson,001-667-923-7198,red,step,A-648,07:14:42,148896,Jessica West,Megan Franklin
2010-12-26,Mrs. Alicia Walker,+1-587-281-1205,exactly,go,A-39,18:51:45,288417,Luis Baker,Marc Hernandez
1995-09-17,Amanda Hale,584.555.6406,development,model,A-39,13:27:50,29684,Chloe Vaughan,Steven Lopez
1982-02-20,Melanie Kaufman,602-273-4339,boy,argue,A-690,07:53:43,836580,Brad Ramos,Taylor James
1971-08-31,Noah Ball MD,443-397-6509x840,only,hand,A-333,01:17:01,339651,Aaron Johnson,Richard Bennett
