Date,Name,Tax ID,Payment,Roll No,In_Time,Sign
2000-07-09,Grace Green,8294,431,2023518,17:14,Grace Green
1985-03-28,Marcus Everett,5036,787,2019200,18:15,Marcus Everett
1999-01-22,Cody Bowers,6404,251,2023187,12:49,Cody Bowers
2002-12-16,Miguel Davis,2363,360,2020187,12:59,Miguel Davis
1991-11-07,Brad Armstrong,6636,94,2022725,17:19,Brad Armstrong
1996-09-12,Mr. Ian Ward,8916,484,2024726,15:47,Mr. Ian Ward
1999-10-05,Shirley Huff,5243,401,2024869,18:37,Shirley Huff
2014-06-01,Carol Hayes,2785,282,2020222,12:52,Carol Hayes
2006-11-24,Shirley Huff,4979,694,2024869,07:48,Shirley Huff
1990-07-06,Brad Armstrong,192,463,2022725,12:34,Brad Armstrong
2021-12-10,Troy Campbell,6261,905,2024122,20:04,Troy Campbell
2011-06-23,Bridget Evans,2709,848,2023106,13:38,Bridget Evans
2005-05-15,Christy Gibson PhD,725,75,2019842,03:36,Christy Gibson PhD
1984-02-23,Matthew Jimenez,1513,985,2020961,23:58,Matthew Jimenez
2023-10-12,Melissa Shaw,9922,264,2023103,18:10,Melissa Shaw
1989-06-27,Miguel Davis,7581,23,2020187,18:13,Miguel Davis
2010-09-14,Mario Jordan,2192,740,2022159,11:51,Mario Jordan
2009-03-23,Jacob Perez,6093,792,2020104,14:10,Jacob Perez
1977-07-20,Bridget Evans,5514,732,2023106,23:44,Bridget Evans
1987-12-25,Scott Freeman,5964,582,2022328,17:43,Scott Freeman
1989-02-20,Brittany Williams,8223,598,2023888,12:22,Brittany Williams
1990-12-20,Jocelyn Ward,2626,697,2018118,02:44,Jocelyn Ward
1976-01-31,Henry Miller,1426,739,2023549,22:13,Henry Miller
2003-12-21,Robin Rivas,8608,178,2022848,01:23,Robin Rivas
2019-03-14,Ryan George,7580,148,2018098,08:41,Ryan George
1990-11-03,Brad Armstrong,7300,694,2022725,20:15,Brad Armstrong
1978-10-29,David Silva,7050,179,2018956,15:54,David Silva
1976-04-19,Melissa Shaw,5361,729,2023103,15:09,Melissa Shaw
2005-11-26,Marcia Molina,953,335,2024019,21:55,Marcia Molina
2011-07-21,John Henry,6585,557,2024494,03:07,John Henry
2018-09-15,Mr. Ian Ward,4199,293,2024726,21:33,Mr. Ian Ward
1999-07-27,Becky Reed,9683,251,2020798,22:55,Becky Reed
2023-01-31,Kevin Ward,2903,143,2023527,02:36,Kevin Ward
1972-05-31,Kimberly Adams,1863,239,2023341,13:36,Kimberly Adams
2020-07-10,Bridget Evans,2798,911,2023106,03:48,Bridget Evans
2015-10-03,Kathryn Wallace,430,130,2022847,03:52,Kathryn Wallace
1973-02-10,Jennifer Kidd,3111,939,2020797,20:08,Jennifer Kidd
1993-03-17,Bridget Evans,5304,141,2023106,05:34,Bridget Evans
1970-11-26,Mark Ramos,3119,380,2021128,06:07,Mark Ramos
1990-11-10,Mr. Ian Ward,6120,58,2024726,09:16,Mr. Ian Ward
1986-02-10,Shannon Bradley,4422,884,2024218,02:29,Shannon Bradley
2010-07-25,Becky Reed,9674,459,2020798,19:47,Becky Reed
2015-02-16,Robert Smith,4436,881,2024499,14:16,Robert Smith
2005-02-08,Stephen Dudley DVM,8836,774,2021892,17:16,Stephen Dudley DVM
2008-11-24,Christina Edwards,3957,999,2023235,07:32,Christina Edwards
1992-03-25,Miguel Scott,629,674,2019467,08:19,Miguel Scott
2010-01-02,Tara Morris,1230,113,2023959,20:23,Tara Morris
2013-05-26,Jennifer Walsh,4236,940,2018976,17:44,Jennifer Walsh
1987-05-23,Kevin Ward,6283,64,2023527,16:03,Kevin Ward
2020-11-25,Amy Miller,2470,599,2019192,00:25,Amy Miller
1976-02-20,Tara Morris,6731,165,2023959,23:45,Tara Morris
1974-10-07,Gregory Duke,3172,550,2021131,22:04,Gregory Duke
2009-01-07,Troy Campbell,952,750,2024122,03:04,Troy Campbell
2022-08-12,Todd Arellano,9023,764,2020269,17:05,Todd Arellano
2017-04-12,Michael Martinez,1109,29,2024786,09:25,Michael Martinez
1975-10-05,Tyler Sanders,9610,577,2023709,03:28,Tyler Sanders
1995-02-05,Christy Gibson PhD,7951,189,2019842,09:36,Christy Gibson PhD
1979-01-17,Timothy Armstrong,2852,701,2024297,23:23,Timothy Armstrong
1990-06-10,Cassandra Richardson,1837,633,2022624,22:39,Cassandra Richardson
2000-12-09,Amy Miller,8139,193,2019192,02:04,Amy Miller
1983-03-22,Christina Gordon,4903,512,2024519,03:58,Christina Gordon
1996-03-25,Ms. Emily Miller,7309,742,2023460,02:09,Ms. Emily Miller
1983-09-21,Jessica Johnson,5595,872,2023592,13:53,Jessica Johnson
1978-09-18,Cody Bowers,9016,865,2023187,09:08,Cody Bowers
1974-08-15,Cody Bowers,8643,372,2023187,16:43,Cody Bowers
2011-05-23,Miguel Davis,3493,694,2020187,11:00,Miguel Davis
1978-05-05,Andrew Peterson,3208,717,2020417,15:42,Andrew Peterson
1995-07-31,Christina Gordon,5549,640,2024519,21:47,Christina Gordon
1983-03-03,Kimberly Adams,8414,567,2023341,21:24,Kimberly Adams
2014-01-08,Stephen Dudley DVM,9451,11,2021892,07:27,Stephen Dudley DVM
2000-09-14,Mark Schroeder,9655,244,2019845,02:37,Mark Schroeder
1998-09-09,Henry Miller,2348,418,2023549,14:40,Henry Miller
2005-02-13,Kimberly Johnson,9242,931,2020296,11:53,Kimberly Johnson
2017-05-07,Jasmine Dickerson,2990,632,2021138,00:10,Jasmine Dickerson
2015-01-18,Jason Roberts,3357,885,2021002,09:54,Jason Roberts
1997-11-28,Marcia Molina,5600,510,2024019,23:14,Marcia Molina
1989-10-31,Jocelyn Ward,5185,506,2018118,13:35,Jocelyn Ward
2009-09-27,Jessica Johnson,858,947,2023592,19:54,Jessica Johnson
1986-05-23,Christina Edwards,7497,684,2023235,19:07,Christina Edwards
2018-01-14,Thomas Galloway,126,493,2021316,14:28,Thomas Galloway
2004-06-15,Mark Schroeder,5077,273,2019845,11:54,Mark Schroeder
2006-04-08,Elizabeth Williams,6215,966,2019931,13:32,Elizabeth Williams
2016-08-23,John Henry,439,430,2024494,21:49,John Henry
1995-09-02,Robert Smith,7528,549,2024499,08:20,Robert Smith
1994-10-07,Cody Bowers,7399,704,2023187,12:37,Cody Bowers
1989-09-25,Martha Gordon,3626,992,2019442,14:25,Martha Gordon
2018-01-21,Richard Ferguson,7418,55,2020783,19:26,Richard Ferguson
2002-02-11,Jennifer Kidd,2704,787,2020797,15:38,Jennifer Kidd
2016-09-06,Jeffrey Cook,9878,563,2023373,01:31,Jeffrey Cook
1991-12-02,Ms. Emily Miller,8910,474,2023460,06:14,Ms. Emily Miller
1973-08-19,Shannon Bradley,5992,110,2024218,15:15,Shannon Bradley
1974-12-25,Martha Gordon,1122,974,2019442,06:26,Martha Gordon
1996-03-24,Jocelyn Ward,2580,207,2018118,07:43,Jocelyn Ward
1991-10-29,Melissa Shaw,9922,933,2023103,08:41,Melissa Shaw
1996-10-18,Christopher Nichols,8188,610,2022230,07:36,Christopher Nichols
2008-01-15,Melissa Shaw,3696,387,2023103,09:56,Melissa Shaw
2008-07-05,Stephen Dudley DVM,6956,430,2021892,12:03,Stephen Dudley DVM
1990-08-16,Monica Brewer,7586,862,2021541,05:07,Monica Brewer
2001-12-29,Jasmine Dickerson,6989,916,2021138,14:42,Jasmine Dickerson
1989-07-29,Mario Jordan,8077,788,2022159,06:04,Mario Jordan
